name,id,start,destination,distance
0000follow1,1,183.57,341.92,158.35
0001follow2,1,408.33,202.65,205.68
0002follow3,1,406.415,215.755,190.66
0003follow4,1,6.645,199.805,193.16
0004follow5,1,339.305,97.885,241.42
0005follow6,1,408.545,249.845,158.7
0006follow7,1,43.02,355.78,312.76
0007follow8,1,8.78,205.17,196.39
0008follow9,1,333.895,181.035,152.86
0009follow10,1,407.125,225.145,181.98
0010follow11,1,408.615,235.125,173.49
0011follow12,1,406.815,53.405,353.41
0012follow13,1,8.565,178.075,169.51
0013follow14,1,17.7,374.52,356.82
0014follow15,1,407.785,234.365,173.42
0015follow16,1,112.605,352.135,239.53
0016follow17,1,405.765,202.115,203.65
0017follow18,1,366.525,106.415,260.11
0018follow19,1,406.135,248.905,157.23
0019cutin1,1,407.705,154.285,253.42
0020follow20,2,5.825,169.425,163.6
0021follow21,2,56.09,335.69,279.6
0022follow22,2,5.555,204.675,199.12
0023follow23,2,6.53,140.19,133.66
0024follow24,2,408.325,103.635,304.69
0025follow25,2,408.885,273.585,135.3
0026follow26,2,9.725,194.225,184.5
0027follow27,2,9.26,249.41,240.15
0028follow28,2,332.685,172.755,159.93
0029follow29,2,406.175,138.495,267.68
0030follow30,2,358.28,99.43,258.85
0031follow31,2,408.125,226.495,181.63
0032follow32,2,408.235,277.885,130.35
0033follow33,2,332.675,173.795,158.88
0034follow34,2,328.74,149.67,179.07
0035follow35,2,408.55,147.82,260.73
0036follow36,2,407.995,257.345,150.65
0037follow37,2,408.985,111.125,297.86
0038follow38,3,408.175,257.365,150.81
0039follow39,3,4.695,164.765,160.07
0040follow40,3,408.49,199.53,208.96
0041follow41,3,409.265,167.745,241.52
0042follow42,3,7.825,204.635,196.81
0043follow43,3,7.585,384.695,377.11
0044follow44,3,409.015,247.745,161.27
0045follow45,3,408.345,216.945,191.4
0046follow46,3,405.045,168.945,236.1
0047cutin2,3,317.245,0.535,316.71
0048follow47,3,363.375,30.665,332.71
0049follow48,3,7.545,305.065,297.52
0050follow49,3,8.775,382.325,373.55
0051follow50,3,347.02,91.64,255.38
0052follow51,3,405.995,213.365,192.63
0053follow52,3,7.535,200.015,192.48
0054follow53,3,342.275,34.665,307.61
0055follow54,3,7.8,144.65,136.85
0056follow55,3,7.455,320.575,313.12
0057follow56,3,6.775,162.885,156.11
0058follow57,3,6.815,219.595,212.78
0059follow58,4,406.29,253.29,153
0060follow59,4,408.39,252.84,155.55
0061follow60,4,406.935,179.715,227.22
0062follow61,4,5.905,207.225,201.32
0063follow62,4,296.34,24.41,271.93
0064follow63,4,408.535,233.385,175.15
0065follow64,4,4.945,206.625,201.68
0066follow65,4,392.075,71.755,320.32
0067follow66,4,14.1,138.18,124.08
0068follow67,4,4.735,251.555,246.82
0069follow68,4,6.19,151.19,145
0070follow69,4,149.17,392.52,243.35
0071follow70,4,406.62,231.37,175.25
0072lanechanging1,4,186.275,4.165,182.11
0073follow71,4,405.815,278.365,127.45
0074follow72,4,407.105,237.485,169.62
0075follow73,4,5.095,243.035,237.94
0076follow74,4,407.345,260.325,147.02
0077cutin3,4,406.705,149.045,257.66
0078follow75,4,328.975,159.295,169.68
0079follow76,4,4.685,219.835,215.15
0080cutin4,4,398.215,40.895,357.32
0081lanechanging2,4,336.365,115.115,221.25
0082follow77,4,407.605,232.855,174.75
0083follow78,4,6.085,169.455,163.37
0084follow79,4,407.825,224.105,183.72
0085follow80,4,144.865,396.715,251.85
0086follow81,4,407.785,218.935,188.85
0087follow82,4,6.385,190.715,184.33
0088follow83,5,235.325,64.765,170.56
0089follow84,5,5.685,191.895,186.21
0090follow85,5,116.315,379.415,263.1
0091follow86,5,6.265,157.615,151.35
0092follow87,5,407.68,230.26,177.42
0093follow88,5,32.475,325.875,293.4
0094follow89,5,408.295,230.325,177.97
0095follow90,5,408.9,258.19,150.71
0096lanechanging3,5,5.695,339.445,333.75
0097follow91,5,406.985,85.415,321.57
0098follow92,5,407.725,224.355,183.37
0099follow93,5,408.195,247.455,160.74
0100follow94,5,4.095,157.985,153.89
0101follow95,5,395.49,124.84,270.65
0102follow96,5,406.52,189.1,217.42
0103follow97,5,406.655,238.275,168.38
0104follow98,5,407.095,217.995,189.1
0105cutin5,5,286.52,11.07,275.45
0106follow99,5,308.065,106.635,201.43
0107follow100,5,406.925,101.275,305.65
0108follow101,5,406.055,65.725,340.33
0109follow102,5,4.45,134.08,129.63
0110follow103,5,71.155,328.725,257.57
0111follow104,5,407.295,236.685,170.61
0112cutin6,5,305.655,5.475,300.18
0113follow105,5,341.935,203.265,138.67
0114follow106,5,5.44,238.21,232.77
0115follow107,5,408.585,226.195,182.39
0116follow108,5,6.485,187.655,181.17
0117follow109,5,407.735,174.455,233.28
0118follow110,5,406.615,175.425,231.19
0119follow111,5,408.665,251.755,156.91
0120follow112,5,407.34,227.24,180.1
0121follow113,5,8.775,271.555,262.78
0122follow114,5,4.635,178.175,173.54
0123cutin7,5,229.61,5.72,223.89
0124follow115,5,405.635,179.075,226.56
0125follow116,5,407.855,209.485,198.37
0126follow117,5,16.605,251.305,234.7
0127follow118,6,406.625,173.675,232.95
0128follow119,6,408.265,232.755,175.51
0129follow120,6,4.5,140.13,135.63
0130follow121,6,5.625,186.945,181.32
0131follow122,6,408.64,243.97,164.67
0132cutin8,6,337.165,-2.985,340.15
0133follow123,6,407.835,222.055,185.78
0134follow124,6,4.485,185.435,180.95
0135follow125,6,407.425,269.015,138.41
0136follow126,6,408.075,225.135,182.94
0137follow127,6,407.025,147.295,259.73
0138follow128,6,407.855,222.725,185.13
0139follow129,6,407.425,137.475,269.95
0140follow130,6,408.625,216.495,192.13
0141follow131,6,3.975,229.735,225.76
0142follow132,6,407.625,238.485,169.14
0143follow133,6,4.565,178.365,173.8
0144follow134,6,6.29,171.43,165.14
0145follow135,6,406.515,213.545,192.97
0146follow136,6,402.77,133.38,269.39
0147lanechanging4,6,204.28,4.98,199.3
0148lanechanging5,6,280.985,46.785,234.2
0149follow137,6,408.065,245.665,162.4
0150follow138,6,407.03,239.38,167.65
0151follow139,6,5.22,212.31,207.09
0152follow140,6,4.895,173.095,168.2
0153follow141,6,408.28,214.97,193.31
0154follow142,6,408.525,251.055,157.47
0155lanechanging6,6,274.08,-1.87,275.95
0156follow143,6,407.775,228.765,179.01
0157follow144,6,5.185,158.915,153.73
0158follow145,6,348.11,21.1,327.01
0159follow146,6,26.645,319.315,292.67
0160cutin9,6,122.855,406.935,284.08
0161lanechanging7,6,188.09,-3.3,191.39
0162follow147,6,407.175,231.775,175.4
0163follow148,6,5.535,377.985,372.45
0164follow149,6,407.005,158.575,248.43
0165follow150,6,373.28,120.96,252.32
0166follow151,6,79.065,347.665,268.6
0167follow152,6,405.975,213.365,192.61
0168follow153,6,406.635,229.555,177.08
0169follow154,7,249.225,32.475,216.75
0170follow155,7,4.63,275.79,271.16
0171follow156,7,4.795,189.855,185.06
0172follow157,7,372.815,54.645,318.17
0173cutin10,7,230.515,4.285,226.23
0174follow158,7,407.54,108.5,299.04
0175follow159,7,408.685,253.175,155.51
0176follow160,7,286.095,11.425,274.67
0177follow161,7,362.145,40.385,321.76
0178follow162,7,407.885,73.565,334.32
0179follow163,7,369.63,37.14,332.49
0180follow164,7,8.235,357.825,349.59
0181follow165,7,408.835,212.855,195.98
0182follow166,7,7.545,186.705,179.16
0183follow167,7,408.55,247.49,161.06
0184lanechanging8,8,7.715,416.515,408.8
0185follow168,8,361.56,43.65,317.91
0186lanechanging9,8,4.395,412.025,407.63
0187lanechanging10,8,144.905,405.865,260.96
0188follow169,8,4.915,176.405,171.49
0189follow170,8,98.285,313.605,215.32
0190follow171,8,6.86,208.08,201.22
0191follow172,8,113.175,393.325,280.15
0192follow173,8,5.735,245.985,240.25
0193follow174,8,5.945,241.065,235.12
0194lanechanging11,8,4.68,409.43,404.75
0195follow175,8,72.865,271.165,198.3
0196follow176,8,8.235,226.685,218.45
0197follow177,8,404.755,210.915,193.84
0198follow178,8,404.07,264.94,139.13
0199follow179,8,405.12,81.04,324.08
0200follow180,8,406.305,167.515,238.79
0201follow181,8,405.22,257.05,148.17
0202lanechanging12,8,89.895,386.345,296.45
0203follow182,8,404.225,248.155,156.07
0204follow183,8,8.42,283.74,275.32
0205follow184,8,406.125,213.715,192.41
0206follow185,8,4.785,142.945,138.16
0207follow186,8,11.095,164.925,153.83
0208follow187,8,403.415,219.525,183.89
0209follow188,8,5.185,179.035,173.85
0210cutin11,8,401.19,172.73,228.46
0211follow189,8,4.415,380.625,376.21
0212follow190,8,5.865,233.795,227.93
0213follow191,8,6.835,239.425,232.59
0214follow192,8,5.125,194.365,189.24
0215follow193,8,5.705,220.655,214.95
0216follow194,9,214.505,408.745,194.24
0217follow195,9,6.02,375.43,369.41
0218follow196,9,408.6,257.45,151.15
0219follow197,9,42.15,270.59,228.44
0220follow198,9,408.245,234.505,173.74
0221follow199,9,6.605,176.985,170.38
0222follow200,9,5.4,132.11,126.71
0223lanechanging13,9,123.065,409.385,286.32
0224follow201,9,4.695,273.045,268.35
0225follow202,9,406.555,184.325,222.23
0226follow203,9,407.35,116.3,291.05
0227follow204,9,34.035,331.165,297.13
0228follow205,9,406.485,248.235,158.25
0229lanechanging14,9,334.805,4.875,329.93
0230follow206,9,406.175,52.105,354.07
0231follow207,9,4.51,227.9,223.39
0232follow208,9,4.245,189.315,185.07
0233follow209,9,4.18,218.8,214.62
0234follow210,9,406.655,179.985,226.67
0235follow211,9,88.97,382.41,293.44
0236follow212,9,4.965,202.995,198.03
0237follow213,9,8.105,247.495,239.39
0238follow214,9,406.815,158.995,247.82
0239follow215,9,406.745,90.415,316.33
0240follow216,9,7.265,268.245,260.98
0241follow217,9,7.185,176.335,169.15
0242follow218,9,4.395,274.135,269.74
0243follow219,9,407.985,251.365,156.62
0244follow220,9,409.05,242.29,166.76
0245follow221,9,7.175,197.195,190.02
0246cutin12,9,256.605,-1.235,257.84
0247follow222,9,10.06,173.5,163.44
0248follow223,9,7.985,354.505,346.52
0249follow224,9,6.51,280.05,273.54
0250follow225,9,7.565,240.795,233.23
0251follow226,9,6.755,179.155,172.4
0252lanechanging15,10,305.795,-1.105,306.9
0253follow227,10,408.03,236.29,171.74
0254follow228,10,4.83,365.28,360.45
0255follow229,10,4.995,184.035,179.04
0256follow230,10,406.155,174.395,231.76
0257cutin13,10,250.38,-1.66,252.04
0258follow231,10,5.505,169.735,164.23
0259follow232,10,7.175,181.415,174.24
0260follow233,10,406.38,220.56,185.82
0261follow234,10,26.695,378.825,352.13
0262follow235,10,403.78,35.59,368.19
0263follow236,10,4.01,264.83,260.82
0264follow237,10,54.975,351.015,296.04
0265lanechanging16,10,6.025,389.735,383.71
0266follow238,10,5.255,199.855,194.6
0267follow239,10,4.22,272.06,267.84
0268follow240,10,405.68,224.27,181.41
0269lanechanging17,10,336.795,4.165,332.63
0270follow241,11,408.495,189.415,219.08
0271follow242,11,3.795,181.735,177.94
0272follow243,11,4.845,198.705,193.86
0273follow244,11,3.98,179.08,175.1
0274follow245,11,69.505,353.085,283.58
0275follow246,11,10.345,262.445,252.1
0276follow247,11,9.665,220.455,210.79
0277follow248,11,408.645,282.055,126.59
0278follow249,11,408.545,277.675,130.87
0279follow250,11,407.835,263.815,144.02
0280follow251,11,324.665,95.975,228.69
0281follow252,11,406.685,156.615,250.07
0282follow253,11,406.12,160.48,245.64
0283follow254,11,406.715,177.485,229.23
0284follow255,11,406.32,144.43,261.89
0285follow256,11,406.12,148.49,257.63
0286follow257,11,406.575,115.325,291.25
0287follow258,11,407.41,138.87,268.54
0288follow259,11,407.215,133.535,273.68
0289follow260,11,406.615,144.455,262.16
0290follow261,11,4.985,175.075,170.09
0291follow262,11,5.9,245.53,239.63
0292follow263,11,3.31,218.98,215.67
0293follow264,11,407.385,186.395,220.99
0294follow265,11,7.615,140.845,133.23
0295follow266,11,394.595,129.365,265.23
0296follow267,11,373.645,106.105,267.54
0297follow268,11,250.9,8.74,242.16
0298follow269,11,409.005,186.785,222.22
0299follow270,11,408.195,278.075,130.12
0300follow271,11,408.58,245.77,162.81
0301follow272,11,349.91,37.48,312.43
0302follow273,11,17.01,317.61,300.6
0303follow274,11,22.215,288.485,266.27
0304follow275,12,265.865,61.635,204.23
0305follow276,12,297.705,85.205,212.5
0306follow277,12,295.315,84.445,210.87
0307follow278,12,294.14,87.51,206.63
0308follow279,12,264.515,55.065,209.45
0309follow280,12,268.925,56.435,212.49
0310follow281,12,406.965,306.605,100.36
0311follow282,12,285.985,88.285,197.7
0312follow283,12,408.49,226.61,181.88
0313follow284,12,407.34,264.65,142.69
0314lanechanging18,12,23.915,326.195,302.28
0315follow285,12,3.865,136.845,132.98
0316follow286,12,285.93,86.51,199.42
0317follow287,12,408.545,303.245,105.3
0318follow288,12,408.555,293.875,114.68
0319follow289,12,4.435,209.245,204.81
0320follow290,12,3.845,147.005,143.16
0321follow291,12,3.865,164.235,160.37
0322lanechanging19,12,408.71,248.33,160.38
0323follow292,12,228.425,38.575,189.85
0324cutin14,12,258.975,99.435,159.54
0325follow293,12,385.645,215.905,169.74
0326follow294,12,408.89,249.31,159.58
0327follow295,12,4.445,179.775,175.33
0328follow296,12,408.665,253.295,155.37
0329cutin15,12,340.305,147.835,192.47
0330follow297,12,4.675,236.825,232.15
0331follow298,12,393.745,200.215,193.53
0332follow299,12,400.62,202.74,197.88
0333follow300,12,409.055,296.165,112.89
0334follow301,12,402.13,208.21,193.92
0335follow302,12,404.285,207.175,197.11
0336follow303,12,409.045,210.705,198.34
0337follow304,12,408.8,212.56,196.24
0338follow305,12,409.075,213.105,195.97
0339follow306,12,403.295,208.245,195.05
0340follow307,12,4.645,190.835,186.19
0341follow308,12,384.06,198.15,185.91
0342follow309,12,374.855,201.855,173
0343follow310,12,408.915,274.555,134.36
0344follow311,12,407.5,269.91,137.59
0345follow312,12,408.76,258.73,150.03
0346follow313,12,340.155,198.405,141.75
0347follow314,12,408.995,286.135,122.86
0348follow315,12,409.1,292.84,116.26
0349follow316,12,359.205,272.925,86.28
0350follow317,12,358.625,275.295,83.33
0351follow318,12,356.135,276.665,79.47
0352follow319,12,358.395,285.115,73.28
0353cutin16,12,409.035,213.005,196.03
0354follow320,12,355.885,287.865,68.02
0355follow321,12,358.18,293.46,64.72
0356follow322,12,5,227.06,222.06
0357follow323,12,363.925,305.765,58.16
0358follow324,12,366.425,309.535,56.89
0359follow325,12,265,151.43,113.57
0360follow326,12,366.39,315.01,51.38
0361follow327,12,365.305,318.165,47.14
0362follow328,12,408.99,291.42,117.57
0363follow329,12,293.125,171.495,121.63
0364follow330,12,382.815,338.975,43.84
0365follow331,12,409.105,360.335,48.77
0366follow332,12,409.21,363.49,45.72
0367follow333,12,409.305,381.075,28.23
0368cutin17,12,370.585,174.015,196.57
0369follow334,12,409.295,383.065,26.23
0370follow335,12,409.72,379.97,29.75
0371follow336,12,368.31,182.49,185.82
0372follow337,12,204.435,7.925,196.51
0373follow338,12,4.465,134.745,130.28
0374follow339,12,5.475,182.195,176.72
0375follow340,12,3.895,187.105,183.21
0376follow341,12,4.955,183.905,178.95
0377follow342,12,4.595,190.805,186.21
0378follow343,12,5.775,153.645,147.87
0379follow344,12,5.465,128.085,122.62
0380follow345,12,4.75,281.52,276.77
0381follow346,12,407.185,274.945,132.24
0382follow347,12,409.115,243.055,166.06
0383follow348,12,7.79,354.27,346.48
0384follow349,12,405.47,238.77,166.7
0385follow350,12,4.91,178.72,173.81
0386follow351,12,44.315,346.565,302.25
0387cutin18,12,205.19,406.35,201.16
0388follow352,12,406.965,113.285,293.68
0389follow353,12,63.445,296.105,232.66
0390follow354,12,407.335,293.295,114.04
0391follow355,12,406.425,257.025,149.4
0392follow356,12,4.955,162.355,157.4
0393follow357,12,28.175,340.535,312.36
0394follow358,13,4.875,181.485,176.61
0395follow359,13,312.04,20.18,291.86
0396follow360,13,408.065,287.585,120.48
0397follow361,13,408.93,219.88,189.05
0398follow362,13,388.835,158.405,230.43
0399follow363,13,408.585,254.895,153.69
0400follow364,13,407.665,205.115,202.55
0401follow365,13,406.975,89.195,317.78
0402cutin19,13,408.175,135.575,272.6
0403cutin20,13,234.915,5.255,229.66
0404cutin21,13,369.965,49.445,320.52
0405follow366,13,380.555,72.885,307.67
0406follow367,13,3.995,146.125,142.13
0407follow368,13,408.145,248.205,159.94
0408follow369,13,407.555,210.965,196.59
0409follow370,13,5.695,301.615,295.92
0410follow371,13,6.605,184.275,177.67
0411follow372,13,408.435,206.415,202.02
0412follow373,13,347.085,84.005,263.08
0413follow374,13,5.51,139.93,134.42
0414follow375,13,5.485,256.195,250.71
0415follow376,13,5.525,176.405,170.88
0416follow377,13,4.71,127.93,123.22
0417follow378,13,407.535,269.115,138.42
0418follow379,13,409.07,222.19,186.88
0419follow380,13,370.485,139.515,230.97
0420follow381,13,407.705,165.325,242.38
0421follow382,13,407.455,213.165,194.29
0422follow383,13,408.74,162.88,245.86
0423lanechanging20,13,264.115,-1.905,266.02
0424follow384,13,408.525,236.525,172
0425follow385,13,408.895,267.325,141.57
0426follow386,13,4.395,175.905,171.51
0427follow387,13,4.87,156.23,151.36
0428follow388,13,4.695,163.515,158.82
0429follow389,13,6.015,176.845,170.83
0430follow390,13,4.875,136.855,131.98
0431follow391,13,9.1,189.72,180.62
0432follow392,13,408.485,276.625,131.86
0433cutin22,13,179.805,-2.175,181.98
0434follow393,13,32.255,365.895,333.64
0435follow394,13,365.145,75.395,289.75
0436follow395,13,100.85,344.57,243.72
0437follow396,13,267.545,18.955,248.59
0438follow397,13,4.585,176.375,171.79
0439follow398,13,4.515,213.925,209.41
0440follow399,13,6.61,362.44,355.83
0441follow400,13,406.3,133.95,272.35
0442follow401,13,4.615,165.375,160.76
0443cutin23,13,187.8,406.62,218.82
0444follow402,13,97.485,389.205,291.72
0445lanechanging21,14,149.535,6.645,142.89
0446follow403,14,7.78,217.63,209.85
0447follow404,14,10.82,344.52,333.7
0448follow405,14,5.8,161.59,155.79
0449follow406,14,276.035,38.325,237.71
0450follow407,14,407.595,180.195,227.4
0451follow408,14,285.395,44.305,241.09
0452follow409,14,406.975,263.005,143.97
0453lanechanging22,14,379.125,126.345,252.78
0454follow410,14,316.815,24.475,292.34
0455follow411,14,408.625,276.455,132.17
0456follow412,14,6.81,203.82,197.01
0457follow413,14,408.555,188.355,220.2
0458follow414,14,14.58,364.75,350.17
0459follow415,14,331.105,50.375,280.73
0460follow416,14,7.035,156.285,149.25
0461follow417,14,8.38,292.93,284.55
0462follow418,14,406.59,129.91,276.68
0463follow419,14,28.33,319.97,291.64
0464follow420,14,34.295,333.905,299.61
0465follow421,14,408.71,154.93,253.78
0466follow422,14,53.215,357.195,303.98
0467follow423,14,7.535,165.065,157.53
0468follow424,14,408.555,234.915,173.64
0469follow425,14,406.975,155.985,250.99
0470cutin24,14,198.69,2.01,196.68
0471cutin25,14,300.43,30.38,270.05
0472follow426,14,11.54,209.16,197.62
0473follow427,14,12.455,196.095,183.64
0474follow428,14,48.575,338.625,290.05
0475follow429,14,8.825,157.145,148.32
0476follow430,14,9.875,161.125,151.25
0477follow431,14,406.785,301.215,105.57
0478follow432,15,4.245,134.625,130.38
0479follow433,15,7.94,211.43,203.49
0480follow434,15,3.935,235.345,231.41
0481follow435,15,59.905,373.185,313.28
0482follow436,15,4.655,288.555,283.9
0483follow437,15,5.58,129.96,124.38
0484follow438,15,4.395,288.205,283.81
0485follow439,15,406.39,226.09,180.3
0486follow440,15,380.455,107.815,272.64
0487follow441,15,4.255,303.105,298.85
0488follow442,15,90.96,368.25,277.29
0489follow443,15,408.56,187.62,220.94
0490follow444,15,405.765,188.045,217.72
0491follow445,15,407.075,103.925,303.15
0492follow446,15,408.48,151.22,257.26
0493lanechanging23,15,89.27,410.55,321.28
0494follow447,15,132.885,401.025,268.14
0495follow448,15,4.44,154.48,150.04
0496follow449,15,407.375,188.405,218.97
0497follow450,15,265.525,14.895,250.63
0498follow451,15,5.875,193.405,187.53
0499follow452,16,5.805,191.015,185.21
0500follow453,16,405.41,267.66,137.75
0501follow454,16,4.035,221.995,217.96
0502follow455,16,407.295,260.685,146.61
0503follow456,16,3.53,156.54,153.01
0504follow457,16,318.615,57.565,261.05
0505follow458,16,5.085,228.275,223.19
0506follow459,16,5.785,180.985,175.2
0507follow460,16,404.465,227.705,176.76
0508follow461,16,407.185,240.985,166.2
0509follow462,16,7.73,176.44,168.71
0510follow463,16,406.855,86.235,320.62
0511follow464,16,4.835,183.785,178.95
0512follow465,16,12.36,387.43,375.07
0513follow466,16,4.075,195.655,191.58
0514follow467,16,407.435,213.965,193.47
0515follow468,16,79.845,341.875,262.03
0516follow469,16,56.49,221.27,164.78
0517follow470,16,407.875,91.495,316.38
0518follow471,16,407.785,153.805,253.98
0519follow472,16,407.425,245.895,161.53
0520follow473,16,406.085,274.215,131.87
0521follow474,16,4.64,236.76,232.12
0522follow475,16,406.29,209.29,197
0523lanechanging24,16,223.605,414.865,191.26
0524follow476,16,4.245,193.175,188.93
0525follow477,16,407.97,185.02,222.95
0526follow478,16,6.21,176.73,170.52
0527follow479,16,407.145,109.385,297.76
0528follow480,16,406.935,235.715,171.22
0529follow481,16,152.475,399.255,246.78
0530follow482,16,3.92,250.78,246.86
0531follow483,16,407.525,209.025,198.5
0532follow484,17,348.675,199.935,148.74
0533follow485,17,317.455,146.735,170.72
0534follow486,17,4.215,170.105,165.89
0535follow487,17,329.865,22.205,307.66
0536follow488,17,326.055,146.025,180.03
0537follow489,17,6.655,146.335,139.68
0538follow490,17,79.615,390.275,310.66
0539follow491,17,405.805,268.195,137.61
0540follow492,17,71.565,383.455,311.89
0541follow493,17,407.095,228.595,178.5
0542follow494,17,406.53,188.28,218.25
0543follow495,17,90.705,345.085,254.38
0544follow496,17,5.145,384.595,379.45
0545follow497,17,405.915,234.575,171.34
0546follow498,17,407.045,64.925,342.12
0547follow499,17,4.505,172.635,168.13
0548follow500,17,407.815,209.185,198.63
0549follow501,17,4.415,144.215,139.8
0550follow502,17,6.455,188.765,182.31
0551follow503,17,406.695,233.365,173.33
0552follow504,17,406.565,270.115,136.45
0553follow505,17,310.63,15.51,295.12
0554follow506,17,4.2,198.46,194.26
0555follow507,17,405.845,227.725,178.12
0556follow508,17,5.095,174.115,169.02
0557follow509,18,332.675,173.085,159.59
0558follow510,18,407.135,206.405,200.73
0559follow511,18,3.57,149.52,145.95
0560cutin26,18,294.815,3.815,291
0561follow512,18,4.235,169.985,165.75
0562follow513,18,407.715,188.355,219.36
0563follow514,18,5.545,171.405,165.86
0564follow515,18,4.545,372.225,367.68
0565follow516,18,5.625,182.205,176.58
0566follow517,18,406.025,126.305,279.72
0567follow518,18,4.775,264.595,259.82
0568follow519,18,408.58,221.94,186.64
0569follow520,18,5.525,144.415,138.89
0570follow521,18,5.735,150.745,145.01
0571follow522,19,406.745,126.955,279.79
0572follow523,19,44.335,383.695,339.36
0573follow524,19,4.315,159.955,155.64
0574follow525,19,6.45,171.99,165.54
0575follow526,19,126.59,396.58,269.99
0576follow527,19,4.145,167.705,163.56
0577follow528,19,399.135,101.235,297.9
0578follow529,19,332.215,13.955,318.26
0579follow530,19,96.11,400.46,304.35
0580follow531,19,5.27,249.99,244.72
0581follow532,19,3.875,161.115,157.24
0582follow533,19,5.855,142.965,137.11
0583follow534,19,4.795,175.915,171.12
0584follow535,19,407.345,193.175,214.17
0585follow536,19,404.2,189.44,214.76
0586follow537,19,333.895,173.005,160.89
0587lanechanging25,19,212.715,5.445,207.27
0588follow538,19,408.305,256.005,152.3
0589follow539,19,32.155,311.745,279.59
0590follow540,19,408.555,13.915,394.64
0591cutin27,19,185.225,4.595,180.63
0592follow541,19,408.98,223.61,185.37
0593follow542,19,4.665,182.285,177.62
0594follow543,19,409.175,181.655,227.52
0595follow544,19,4.83,226.5,221.67
0596follow545,20,5.11,178.51,173.4
0597follow546,20,4.135,172.325,168.19
0598follow547,20,408.625,215.065,193.56
0599follow548,20,4.4,154.03,149.63
0600lanechanging26,20,160.1,-7.92,168.02
0601cutin28,20,195.205,-2.525,197.73
0602follow549,20,408.275,245.865,162.41
0603follow550,20,4.175,173.175,169
0604follow551,20,4.94,170.72,165.78
0605follow552,20,3.935,131.055,127.12
0606cutin29,20,408.84,104.07,304.77
0607follow553,20,304.19,52.76,251.43
0608follow554,20,142.16,404.11,261.95
0609lanechanging27,20,271.795,-2.135,273.93
0610follow555,20,6.58,214.9,208.32
0611follow556,20,4.325,283.615,279.29
0612follow557,20,4.815,200.165,195.35
0613follow558,20,406.445,254.995,151.45
0614follow559,20,405.9,232.62,173.28
0615follow560,20,55.195,382.645,327.45
0616follow561,20,26.28,301.83,275.55
0617follow562,20,4.765,250.015,245.25
0618follow563,20,4.855,193.485,188.63
0619follow564,20,4.155,152.415,148.26
0620follow565,20,407.43,237.27,170.16
0621follow566,21,408.45,236.79,171.66
0622follow567,21,405.705,226.205,179.5
0623follow568,21,406.065,198.745,207.32
0624follow569,21,409.28,250.38,158.9
0625follow570,21,406.115,249.365,156.75
0626follow571,21,319.87,143.36,176.51
0627follow572,21,408.705,241.775,166.93
0628cutin30,21,408.455,69.215,339.24
0629follow573,21,408.98,225.56,183.42
0630follow574,21,7.03,230.45,223.42
0631follow575,21,407.71,261.35,146.36
0632follow576,21,319.175,136.885,182.29
0633follow577,21,407.6,192.4,215.2
0634follow578,21,3.665,212.625,208.96
0635follow579,21,408.975,200.955,208.02
0636follow580,21,17.755,262.695,244.94
0637follow581,21,404.985,204.005,200.98
0638follow582,21,406.91,251.76,155.15
0639follow583,21,408.075,247.715,160.36
0640follow584,21,42.825,389.225,346.4
0641follow585,21,4.205,176.725,172.52
0642follow586,21,409.145,111.415,297.73
0643follow587,21,4.465,153.905,149.44
0644cutin31,21,218.87,-2.67,221.54
0645follow588,21,64.62,391.33,326.71
0646follow589,22,406.775,27.655,379.12
0647follow590,22,407.915,221.325,186.59
0648follow591,22,4.12,188.07,183.95
0649follow592,22,5.605,156.875,151.27
0650follow593,22,405.645,137.285,268.36
0651follow594,22,5.16,57.69,52.53
0652follow595,23,5.065,145.185,140.12
0653follow596,23,5.725,227.255,221.53
0654follow597,23,13.69,211.12,197.43
0655follow598,23,342.92,59.58,283.34
0656follow599,23,325.67,23.53,302.14
0657follow600,23,396.5,148.47,248.03
0658follow601,23,117.725,359.835,242.11
0659follow602,23,408.395,233.625,174.77
0660follow603,23,407.335,136.075,271.26
0661cutin32,23,195.575,4.635,190.94
0662follow604,23,263.38,17.41,245.97
0663follow605,23,407.315,277.965,129.35
0664follow606,23,302.45,66.28,236.17
0665follow607,23,348.44,236.64,111.8
0666follow608,23,350.66,242.08,108.58
0667follow609,23,408.79,276.71,132.08
0668follow610,23,348.975,239.685,109.29
0669follow611,23,407.43,240.99,166.44
0670follow612,23,63.42,390.4,326.98
0671follow613,23,405.035,158.085,246.95
0672follow614,23,361.91,155.8,206.11
0673follow615,23,406.7,177.06,229.64
0674follow616,23,4.295,242.425,238.13
0675follow617,23,4.455,204.275,199.82
0676follow618,23,4.425,245.335,240.91
0677lanechanging28,23,296.97,104.26,192.71
0678follow619,23,408.125,196.875,211.25
0679follow620,23,407.995,252.255,155.74
0680follow621,24,102.335,387.575,285.24
0681follow622,24,4.77,174.46,169.69
0682follow623,24,408.945,211.635,197.31
0683follow624,24,408.265,137.485,270.78
0684follow625,24,4.745,180.605,175.86
0685follow626,24,408.3,242.3,166
0686follow627,24,5.29,176.71,171.42
0687follow628,24,24.355,293.225,268.87
0688follow629,24,97.785,381.485,283.7
0689follow630,24,409.355,253.255,156.1
0690follow631,24,330.68,54.95,275.73
0691follow632,24,332.715,171.635,161.08
0692follow633,24,4.895,194.295,189.4
0693follow634,24,405.35,243.5,161.85
0694follow635,24,6.115,313.505,307.39
0695follow636,24,8.49,147.74,139.25
0696follow637,24,408.615,154.975,253.64
0697follow638,24,409.255,247.185,162.07
0698follow639,24,63.945,392.785,328.84
0699follow640,24,5.865,136.935,131.07
0700follow641,24,5.05,156.77,151.72
0701follow642,24,4.89,157.06,152.17
0702cutin33,24,387.505,80.295,307.21
0703follow643,24,332.025,174.825,157.2
0704follow644,24,324.675,125.795,198.88
0705follow645,24,408.535,154.755,253.78
0706follow646,24,4.805,265.035,260.23
0707follow647,24,5.035,201.745,196.71
0708follow648,24,5.045,285.625,280.58
0709follow649,24,406.885,256.265,150.62
0710follow650,24,7.11,290.97,283.86
0711follow651,25,407.31,352.71,54.6
0712follow652,25,3.88,70.59,66.71
0713follow653,25,374.785,253.185,121.6
0714follow654,25,200.895,49.565,151.33
0715follow655,25,164.76,36.44,128.32
0716follow656,25,180.22,44.96,135.26
0717follow657,25,174.645,43.545,131.1
0718follow658,25,193.825,115.685,78.14
0719follow659,25,6.415,101.015,94.6
0720follow660,25,282.885,121.635,161.25
0721follow661,25,284.585,121.935,162.65
0722follow662,25,83.52,16.39,67.13
0723follow663,25,121.785,26.395,95.39
0724follow664,25,348.27,239.87,108.4
0725follow665,25,268.35,202.91,65.44
0726follow666,25,281.395,153.695,127.7
0727follow667,25,151.405,58.815,92.59
0728follow668,25,375.545,293.195,82.35
0729follow669,25,194.085,101.645,92.44
0730follow670,25,193.965,112.255,81.71
0731follow671,25,224.575,127.845,96.73
0732follow672,25,70.075,11.965,58.11
0733follow673,25,229.675,132.475,97.2
0734follow674,25,149.995,55.455,94.54
0735follow675,25,408.915,355.735,53.18
0736follow676,25,141.155,52.975,88.18
0737follow677,25,148.405,57.465,90.94
0738follow678,25,409.235,361.075,48.16
0739follow679,25,173.33,79.05,94.28
0740follow680,25,175.515,81.865,93.65
0741follow681,25,172.685,83.625,89.06
0742follow682,25,176.9,93.08,83.82
0743follow683,25,272.915,203.995,68.92
0744follow684,25,284.205,214.005,70.2
0745follow685,25,157.525,94.355,63.17
0746follow686,25,352.955,291.135,61.82
0747follow687,25,145.51,90.97,54.54
0748follow688,25,313.37,237.01,76.36
0749follow689,25,406.5,292.87,113.63
0750follow690,25,189.41,126.25,63.16
0751follow691,25,216.455,165.905,50.55
0752follow692,25,225.915,178.285,47.63
0753follow693,25,229.95,183.67,46.28
0754follow694,25,348.955,300.245,48.71
0755follow695,25,283.785,235.215,48.57
0756follow696,25,275.035,230.865,44.17
0757follow697,25,401.835,360.895,40.94
0758follow698,25,409.085,372.725,36.36
0759follow699,25,332.15,279.08,53.07
0760follow700,25,340.945,284.705,56.24
0761follow701,25,27.725,219.445,191.72
0762follow702,25,389.86,324.53,65.33
0763follow703,25,351.33,294.88,56.45
0764follow704,25,409.495,392.005,17.49
0765follow705,25,409.015,385.075,23.94
0766follow706,25,409.31,375.36,33.95
0767follow707,25,409.175,382.415,26.76
0768follow708,25,409.22,371.09,38.13
0769follow709,25,340.66,241.7,98.96
0770follow710,25,409.315,378.495,30.82
0771follow711,25,408.865,375.715,33.15
0772follow712,25,197.025,36.005,161.02
0773follow713,25,409.415,392.855,16.56
0774follow714,25,201.005,55.345,145.66
0775follow715,25,359.155,223.055,136.1
0776follow716,25,295.895,126.635,169.26
0777follow717,25,245.125,97.945,147.18
0778follow718,25,272.995,114.165,158.83
0779follow719,25,138.815,35.055,103.76
0780follow720,25,6.87,202.63,195.76
0781follow721,25,195.145,72.525,122.62
0782follow722,25,150.135,18.215,131.92
0783follow723,25,364.08,224.66,139.42
0784follow724,25,304.32,181.2,123.12
0785follow725,25,29.765,291.415,261.65
0786follow726,25,86.965,17.175,69.79
0787cutin34,25,388.76,249.55,139.21
0788follow727,25,10.515,167.645,157.13
0789follow728,25,408.265,298.085,110.18
0790follow729,25,407.965,325.705,82.26
0791follow730,25,407.17,321.32,85.85
0792follow731,25,237.875,118.965,118.91
0793cutin35,25,284.905,198.405,86.5
0794follow732,25,408.275,338.105,70.17
0795follow733,25,215.51,141.13,74.38
0796follow734,25,409.455,338.785,70.67
0797follow735,25,372.49,236.52,135.97
0798follow736,25,372.005,236.655,135.35
0799follow737,25,205.335,117.345,87.99
0800follow738,25,189.74,86.07,103.67
0801follow739,25,184.005,83.715,100.29
0802follow740,25,176.145,98.155,77.99
0803follow741,25,229.205,120.035,109.17
0804follow742,25,173.695,97.665,76.03
0805follow743,25,175.41,95.77,79.64
0806follow744,25,187.675,100.535,87.14
0807follow745,25,181.085,85.885,95.2
0808follow746,25,11.28,148.17,136.89
0809follow747,25,409.36,357.44,51.92
0810follow748,25,96.375,331.145,234.77
0811follow749,25,282.865,166.295,116.57
0812follow750,25,161.505,43.815,117.69
0813follow751,25,145.835,40.035,105.8
0814follow752,25,10.78,151.17,140.39
0815follow753,25,253.75,141.41,112.34
0816follow754,25,281.275,162.685,118.59
0817follow755,25,264.815,170.185,94.63
0818follow756,25,334.89,219.95,114.94
0819follow757,25,229.02,186.83,42.19
0820follow758,25,376.435,256.285,120.15
0821follow759,25,192.33,78.83,113.5
0822follow760,25,227.19,167.88,59.31
0823follow761,25,356.08,252.18,103.9
0824follow762,25,288.745,207.835,80.91
0825follow763,25,409.01,294.33,114.68
0826follow764,25,263.43,179.8,83.63
0827follow765,25,374.365,317.975,56.39
0828follow766,25,399.845,295.385,104.46
0829follow767,25,359.245,318.145,41.1
0830follow768,25,402.715,334.945,67.77
0831follow769,25,341.57,272.08,69.49
0832lanechanging29,25,375.905,298.785,77.12
0833follow770,25,409.305,338.935,70.37
0834follow771,25,165.6,48.91,116.69
0835follow772,25,156.07,31.71,124.36
0836follow773,25,158.305,36.115,122.19
0837follow774,25,407.045,396.755,10.29
0838follow775,25,11.33,155.39,144.06
0839follow776,25,409.055,362.425,46.63
0840follow777,25,409.235,356.725,52.51
0841follow778,25,244.27,126.12,118.15
0842follow779,25,258.5,142.78,115.72
0843follow780,25,123.68,28.69,94.99
0844follow781,25,122.505,26.735,95.77
0845follow782,25,134.815,41.675,93.14
0846follow783,25,133.875,42.285,91.59
0847follow784,25,147.435,47.455,99.98
0848follow785,25,285.425,165.725,119.7
0849follow786,25,136.07,46.54,89.53
0850follow787,25,229.93,114,115.93
0851follow788,25,317.315,188.885,128.43
0852follow789,25,236.705,118.405,118.3
0853follow790,25,153.805,76.355,77.45
0854follow791,25,144.845,77.445,67.4
0855follow792,25,152.785,81.855,70.93
0856follow793,25,136.67,57.1,79.57
0857follow794,25,373.22,250.12,123.1
0858follow795,25,141.875,74.535,67.34
0859follow796,25,135.735,62.345,73.39
0860follow797,25,208.095,116.585,91.51
0861follow798,25,287.985,185.275,102.71
0862follow799,25,225.05,125.68,99.37
0863follow800,25,221.055,127.955,93.1
0864follow801,25,141.205,82.875,58.33
0865follow802,25,206.425,123.435,82.99
0866follow803,25,120.315,374.135,253.82
0867follow804,25,213.01,131.9,81.11
0868follow805,25,315.845,209.865,105.98
0869follow806,25,194.715,89.415,105.3
0870follow807,25,181.79,117.03,64.76
0871follow808,25,176.935,80.795,96.14
0872follow809,25,409.275,323.015,86.26
0873follow810,25,340.03,232.97,107.06
0874follow811,25,157.435,70.125,87.31
0875follow812,25,217.425,149.655,67.77
0876follow813,25,159.835,72.195,87.64
0877follow814,25,310.385,201.365,109.02
0878follow815,25,272.335,188.465,83.87
0879follow816,25,255.025,185.685,69.34
0880follow817,25,342.805,220.065,122.74
0881follow818,25,204.825,116.335,88.49
0882follow819,25,408.705,285.955,122.75
0883follow820,25,308.145,240.245,67.9
0884follow821,25,409.405,310.755,98.65
0885follow822,25,234.625,86.265,148.36
0886follow823,25,408.31,343.94,64.37
0887follow824,25,409.025,361.675,47.35
0888follow825,25,409.185,370.015,39.17
0889follow826,25,391.665,374.455,17.21
0890follow827,25,150.96,33.16,117.8
0891follow828,25,409.82,351.03,58.79
0892follow829,25,394.965,342.955,52.01
0893follow830,25,408.81,336.68,72.13
0894follow831,25,408.945,335.375,73.57
0895follow832,25,408.945,345.975,62.97
0896follow833,25,12.565,227.205,214.64
0897follow834,25,408.53,350.66,57.87
0898follow835,25,409.215,344.615,64.6
0899follow836,25,409.215,346.275,62.94
0900follow837,25,218.115,95.435,122.68
0901follow838,25,241.675,107.415,134.26
0902follow839,25,176.185,50.445,125.74
0903follow840,25,161.815,59.825,101.99
0904follow841,25,163.315,26.135,137.18
0905follow842,25,408.75,330.35,78.4
0906follow843,25,137.58,43.04,94.54
0907follow844,25,119.15,39.81,79.34
0908follow845,25,103.785,36.485,67.3
0909follow846,25,99.995,40.035,59.96
0910follow847,25,175.43,106.74,68.69
0911follow848,25,103.39,43.68,59.71
0912follow849,25,396.705,252.525,144.18
0913follow850,25,311.795,197.485,114.31
0914follow851,25,250.025,175.165,74.86
0915follow852,25,156.385,111.605,44.78
0916follow853,25,262.195,163.325,98.87
0917follow854,25,101.365,45.785,55.58
0918follow855,25,105.735,48.755,56.98
0919follow856,25,99.705,50.295,49.41
0920follow857,25,270.275,174.515,95.76
0921follow858,25,266.645,178.355,88.29
0922follow859,25,271.225,184.325,86.9
0923lanechanging30,25,83.625,29.965,53.66
0924follow860,25,245.96,180.68,65.28
0925follow861,25,109.375,66.145,43.23
0926follow862,25,290.105,209.935,80.17
0927follow863,25,145.535,82.165,63.37
0928follow864,25,383.17,319.4,63.77
0929follow865,25,155.015,101.475,53.54
0930follow866,25,323.605,241.005,82.6
0931follow867,25,322.245,249.555,72.69
0932follow868,25,176.515,124.845,51.67
0933follow869,25,340.51,263.47,77.04
0934follow870,25,231.125,163.445,67.68
0935follow871,25,409.51,373.6,35.91
0936follow872,25,361.98,280.14,81.84
0937follow873,25,408.385,372.075,36.31
0938follow874,25,140.135,52.825,87.31
0939follow875,25,278.75,202.08,76.67
0940follow876,25,277.135,203.615,73.52
0941follow877,25,261.225,200.315,60.91
0942follow878,25,327.09,257.34,69.75
0943follow879,25,255.13,201.11,54.02
0944follow880,25,294.735,231.185,63.55
0945follow881,25,291.76,226.11,65.65
0946follow882,25,299.075,232.585,66.49
0947follow883,25,401.16,348.37,52.79
0948follow884,25,408.955,389.865,19.09
0949follow885,25,409.68,384.45,25.23
0950follow886,25,388.085,331.605,56.48
0951follow887,25,217.465,119.945,97.52
0952follow888,25,409.195,359.755,49.44
0953cutin36,25,230.235,134.845,95.39
0954follow889,25,350.925,307.215,43.71
0955follow890,25,147.47,30.57,116.9
0956follow891,25,294.66,197.74,96.92
0957follow892,25,60.595,252.315,191.72
0958follow893,25,48.135,246.625,198.49
0959follow894,25,390.945,350.305,40.64
0960follow895,25,11.105,125.005,113.9
0961follow896,25,155.815,16.215,139.6
0962follow897,25,245.595,138.965,106.63
0963follow898,25,159.675,42.145,117.53
0964follow899,25,409.225,373.835,35.39
0965follow900,25,226.88,113.83,113.05
0966follow901,25,93.915,184.935,91.02
0967follow902,25,142.255,220.045,77.79
0968follow903,25,230.515,310.755,80.24
0969cutin37,25,14.625,161.975,147.35
0970follow904,25,9.22,47.07,37.85
0971follow905,25,10.88,26.6,15.72
0972follow906,26,272.595,403.055,130.46
0973follow907,26,157.505,51.985,105.52
0974follow908,26,274.72,244.37,30.35
0975follow909,26,221.255,181.715,39.54
0976follow910,26,386.525,307.895,78.63
0977lanechanging31,26,83.11,-0.2,83.31
0978follow911,26,408.945,314.835,94.11
0979follow912,26,409.095,327.665,81.43
0980follow913,26,407.525,346.905,60.62
0981follow914,26,408.115,357.475,50.64
0982follow915,26,3.775,84.325,80.55
0983follow916,26,89.76,253.65,163.89
0984follow917,26,409.055,379.825,29.23
0985follow918,26,408.37,367.47,40.9
0986follow919,26,409.375,370.525,38.85
0987follow920,26,123.115,10.545,112.57
0988follow921,26,409.175,373.235,35.94
0989follow922,26,409.18,365.28,43.9
0990follow923,26,409.02,376.75,32.27
0991follow924,26,409.015,378.115,30.9
0992follow925,26,177.925,48.815,129.11
0993follow926,26,3.825,131.355,127.53
0994cutin38,26,92.99,265.33,172.34
0995follow927,26,401.705,378.055,23.65
0996follow928,26,3.865,127.605,123.74
0997follow929,26,19.785,187.115,167.33
0998follow930,26,409.75,383.6,26.15
0999lanechanging32,26,89.345,5.915,83.43
1000follow931,26,221.715,67.715,154
1001follow932,26,174.72,67.11,107.61
1002follow933,26,199.485,69.205,130.28
1003follow934,26,195.765,66.585,129.18
1004follow935,26,222.945,76.165,146.78
1005follow936,26,192.66,62.9,129.76
1006follow937,26,188.735,60.765,127.97
1007follow938,26,409.145,342.045,67.1
1008follow939,26,3.585,110.305,106.72
1009follow940,26,350.91,238.1,112.81
1010follow941,26,235.96,124.15,111.81
1011follow942,26,129.26,321.93,192.67
1012cutin39,26,261.485,130.335,131.15
1013cutin40,26,166.045,19.345,146.7
1014follow943,26,409.075,284.325,124.75
1015follow944,26,33.08,267.22,234.14
1016follow945,26,358.485,198.035,160.45
1017follow946,26,42.08,148.12,106.04
1018follow947,26,409.035,342.395,66.64
1019follow948,26,407.34,335.2,72.14
1020follow949,26,233.535,49.375,184.16
1021follow950,26,409.245,314.935,94.31
1022follow951,26,309.755,109.915,199.84
1023follow952,26,408.445,346.575,61.87
1024follow953,26,125.08,52.41,72.67
1025follow954,26,63.65,270.17,206.52
1026lanechanging33,26,90.895,35.065,55.83
1027follow955,26,344.215,164.035,180.18
1028follow956,26,326.06,185.99,140.07
1029follow957,26,278.995,188.955,90.04
1030follow958,26,363.505,216.515,146.99
1031follow959,26,400.655,253.855,146.8
1032follow960,26,408.925,295.305,113.62
1033follow961,26,304.04,234.42,69.62
1034cutin41,26,372.31,270.77,101.54
1035follow962,26,6.245,139.965,133.72
1036follow963,26,220.215,128.615,91.6
1037follow964,26,358.82,259.64,99.18
1038follow965,26,313.025,212.565,100.46
1039follow966,26,305.025,207.825,97.2
1040follow967,26,371.855,263.375,108.48
1041follow968,26,408.905,338.035,70.87
1042follow969,26,5.285,130.795,125.51
1043follow970,26,311.895,215.815,96.08
1044follow971,26,299.46,211.63,87.83
1045follow972,26,409.13,338.68,70.45
1046follow973,26,128.435,11.845,116.59
1047lanechanging34,26,92.555,5.695,86.86
1048follow974,26,318.96,235.86,83.1
1049follow975,26,162.595,67.605,94.99
1050follow976,26,289.825,227.415,62.41
1051follow977,26,293.095,230.535,62.56
1052lanechanging35,26,123.04,0.05,122.99
1053follow978,26,316,244.05,71.95
1054follow979,26,155.195,390.205,235.01
1055follow980,26,406.955,366.705,40.25
1056follow981,26,409.52,344.34,65.18
1057follow982,26,367.48,279.59,87.89
1058follow983,26,386.495,309.785,76.71
1059follow984,26,386.465,348.455,38.01
1060follow985,26,273.765,177.135,96.63
1061follow986,26,400.14,355.18,44.96
1062follow987,26,360.735,291.915,68.82
1063follow988,26,360.295,295.355,64.94
1064follow989,26,200.95,74.9,126.05
1065follow990,26,204.825,76.975,127.85
1066follow991,26,178.88,32.98,145.9
1067follow992,26,364.75,253.04,111.71
1068follow993,26,217.325,72.885,144.44
1069cutin42,26,408.515,259.285,149.23
1070follow994,26,333.405,186.615,146.79
1071follow995,26,339.755,135.065,204.69
1072follow996,26,6.315,201.505,195.19
1073follow997,26,230.98,62.81,168.17
1074lanechanging36,26,135.095,9.295,125.8
1075lanechanging37,26,157.085,32.315,124.77
1076follow998,26,257.05,93.34,163.71
1077follow999,26,263.605,102.115,161.49
1078follow1000,26,406.78,233.85,172.93
1079follow1001,26,97.16,391.7,294.54
1080follow1002,26,331.905,144.975,186.93
1081follow1003,26,162.33,369.67,207.34
1082follow1004,26,5.33,127.62,122.29
1083cutin43,26,247.375,85.575,161.8
1084follow1005,26,408.64,268.21,140.43
1085follow1006,26,233.65,76.5,157.15
1086follow1007,26,329.865,127.735,202.13
1087follow1008,26,409.195,290.965,118.23
1088follow1009,26,355.47,181.57,173.9
1089follow1010,26,283.025,171.095,111.93
1090follow1011,26,290.755,163.545,127.21
1091follow1012,26,326.895,196.455,130.44
1092follow1013,26,409.58,266.16,143.42
1093follow1014,26,408.285,182.895,225.39
1094follow1015,26,120,335.09,215.09
1095cutin44,26,225.815,137.995,87.82
1096follow1016,26,404.43,323.61,80.82
1097follow1017,26,5.135,148.375,143.24
1098cutin45,26,303.29,27.28,276.01
1099follow1018,26,408.63,114.19,294.44
1100follow1019,26,361.965,96.775,265.19
1101follow1020,26,330.205,84.775,245.43
1102follow1021,26,407.905,198.005,209.9
1103cutin46,26,408.765,209.065,199.7
1104cutin47,26,407.955,241.205,166.75
1105follow1022,26,356.59,252.52,104.07
1106follow1023,26,265.6,33.68,231.92
1107follow1024,26,404.155,176.315,227.84
1108follow1025,26,371.965,142.945,229.02
1109follow1026,26,332.755,63.365,269.39
1110follow1027,26,341.835,192.525,149.31
1111follow1028,26,311.28,55.31,255.97
1112follow1029,26,294.545,48.305,246.24
1113follow1030,26,408.875,258.575,150.3
1114follow1031,26,408.71,208.69,200.02
1115follow1032,26,409.63,247.86,161.77
1116follow1033,26,213.315,22.955,190.36
1117follow1034,26,104.655,325.585,220.93
1118follow1035,26,407.65,193.23,214.42
1119follow1036,26,162.825,383.295,220.47
1120follow1037,26,8.015,188.535,180.52
1121follow1038,26,7.185,147.235,140.05
1122follow1039,26,6.585,161.625,155.04
1123follow1040,26,7.625,131.465,123.84
1124follow1041,26,8.005,130.645,122.64
1125follow1042,26,5.555,113.895,108.34
1126follow1043,26,408.105,141.105,267
1127cutin48,26,247.56,8.13,239.43
1128follow1044,26,7.375,105.525,98.15
1129follow1045,26,103.545,271.455,167.91
1130follow1046,26,43.75,187.04,143.29
1131follow1047,26,129.685,271.675,141.99
1132follow1048,26,104.61,237.51,132.9
1133follow1049,26,6.485,125.495,119.01
1134follow1050,26,7.445,42.165,34.72
1135cutin49,27,408.505,55.515,352.99
1136follow1051,27,409.105,235.305,173.8
1137follow1052,27,408.59,242.41,166.18
1138follow1053,27,4.285,165.495,161.21
1139lanechanging38,27,138.885,409.365,270.48
1140cutin50,27,5.055,309.015,303.96
1141follow1054,27,409.365,283.925,125.44
1142follow1055,27,10.34,122.8,112.46
1143follow1056,27,382.72,121.21,261.51
1144follow1057,27,4.815,225.015,220.2
1145follow1058,27,29.11,249.89,220.78
1146follow1059,27,5.315,251.135,245.82
1147follow1060,27,6.345,183.085,176.74
1148follow1061,27,380.925,80.865,300.06
1149follow1062,27,407.755,244.365,163.39
1150follow1063,27,5.655,141.895,136.24
1151follow1064,27,108.09,390.22,282.13
1152follow1065,27,408.135,276.015,132.12
1153follow1066,27,131.675,399.325,267.65
1154follow1067,27,5.72,126.22,120.5
1155follow1068,27,409.345,220.835,188.51
1156follow1069,27,5.095,185.805,180.71
1157cutin51,27,163.175,409.225,246.05
1158follow1070,27,408.545,236.965,171.58
1159follow1071,27,41.405,378.425,337.02
1160cutin52,27,113.785,407.605,293.82
1161follow1072,27,5.58,158.94,153.36
1162follow1073,27,407.485,249.815,157.67
1163cutin53,27,408.82,146.53,262.29
1164follow1074,27,409.79,251.21,158.58
1165follow1075,27,408.385,254.535,153.85
1166follow1076,27,5.64,125.79,120.15
1167follow1077,27,4.13,121.88,117.75
1168follow1078,27,48.065,76.095,28.03
1169follow1079,28,407.54,249.26,158.28
1170follow1080,28,407.805,234.745,173.06
1171follow1081,28,407.685,238.095,169.59
1172follow1082,28,5.47,243.03,237.56
1173follow1083,28,407.975,265.045,142.93
1174follow1084,28,6.39,129.65,123.26
1175follow1085,28,408.81,261.41,147.4
1176follow1086,28,407.645,217.795,189.85
1177follow1087,28,408.785,221.705,187.08
1178follow1088,28,4.405,122.915,118.51
1179follow1089,28,408.135,241.555,166.58
1180follow1090,28,4.175,174.455,170.28
1181follow1091,28,407.265,245.565,161.7
1182follow1092,28,407.105,233.575,173.53
1183follow1093,28,407.485,243.745,163.74
1184follow1094,28,7.28,185.27,177.99
1185follow1095,28,405.72,117.8,287.92
1186follow1096,28,47.665,333.215,285.55
1187cutin54,28,403.095,113.555,289.54
1188follow1097,28,5.075,181.095,176.02
1189follow1098,28,57.675,204.295,146.62
1190follow1099,28,407.945,203.535,204.41
1191follow1100,28,60.995,398.115,337.12
1192cutin55,28,223.855,408.255,184.4
1193follow1101,28,340.635,31.935,308.7
1194follow1102,28,4.685,197.145,192.46
1195follow1103,28,4.595,154.015,149.42
1196cutin56,28,242.165,4.265,237.9
1197follow1104,28,407.935,210.195,197.74
1198follow1105,29,191.475,330.735,139.26
1199follow1106,29,5.325,125.865,120.54
1200follow1107,29,5.14,257.03,251.89
1201follow1108,29,114.285,370.595,256.31
1202follow1109,29,35.135,172.465,137.33
1203lanechanging39,29,172.63,407.31,234.68
1204follow1110,29,3.935,234.965,231.03
1205follow1111,29,4.725,166.205,161.48
1206follow1112,29,3.18,208.43,205.25
1207follow1113,29,11.625,337.365,325.74
1208cutin57,29,408.695,110.105,298.59
1209follow1114,29,7.195,183.655,176.46
1210follow1115,29,408.05,226.9,181.15
1211follow1116,29,407.955,257.575,150.38
1212follow1117,29,4.56,216.9,212.34
1213follow1118,29,409.305,179.755,229.55
1214follow1119,29,408.65,238.8,169.85
1215follow1120,29,408.61,215.94,192.67
1216cutin58,29,406.915,109.645,297.27
1217follow1121,29,409.125,144.275,264.85
1218follow1122,29,11.945,131.795,119.85
1219follow1123,29,5.98,238.23,232.25
1220follow1124,29,5.65,286.51,280.86
1221follow1125,29,83.725,336.185,252.46
1222follow1126,29,408.645,259.495,149.15
1223follow1127,29,407.955,236.455,171.5
1224follow1128,29,5.515,253.655,248.14
1225follow1129,29,6.005,166.245,160.24
1226follow1130,29,148.965,396.245,247.28
1227follow1131,29,5.935,133.245,127.31
1228follow1132,29,151.265,386.375,235.11
1229follow1133,29,4.345,142.555,138.21
1230follow1134,29,39.725,358.545,318.82
1231follow1135,29,409.085,215.725,193.36
1232follow1136,29,18.31,245.06,226.75
1233follow1137,29,408.755,129.985,278.77
1234follow1138,30,367.35,214.55,152.8
1235follow1139,30,408.365,193.205,215.16
1236follow1140,30,4.88,149.43,144.55
1237follow1141,30,14.37,245.01,230.64
1238follow1142,30,6.875,160.165,153.29
1239follow1143,30,408.605,114.635,293.97
1240follow1144,30,52.845,275.265,222.42
1241follow1145,30,77.875,385.285,307.41
1242cutin59,30,408.45,105.6,302.85
1243follow1146,30,4.655,156.285,151.63
1244follow1147,30,4.455,156.565,152.11
1245cutin60,30,237.66,-2.42,240.08
1246follow1148,30,399.26,285.57,113.69
1247follow1149,30,3.715,215.735,212.02
1248follow1150,30,4.325,218.635,214.31
1249follow1151,30,407.425,220.585,186.84
1250follow1152,30,4.115,158.695,154.58
1251follow1153,30,358.71,46.75,311.96
1252follow1154,30,407.875,257.285,150.59
1253lanechanging40,30,308.755,55.195,253.56
1254follow1155,30,406.245,191.625,214.62
1255follow1156,30,4.205,166.615,162.41
1256follow1157,30,5.015,133.095,128.08
1257follow1158,30,404.165,272.725,131.44
1258follow1159,30,5.485,155.405,149.92
1259follow1160,30,3.765,168.235,164.47
1260follow1161,30,405.62,250.67,154.95
1261follow1162,30,373.3,86.69,286.61
1262cutin61,30,7.945,329.345,321.4
1263follow1163,30,407.695,225.295,182.4
1264follow1164,30,6.905,367.895,360.99
1265follow1165,30,32.035,306.855,274.82
1266follow1166,30,4.615,169.765,165.15
1267follow1167,30,4.46,173.84,169.38
1268follow1168,31,4.965,265.625,260.66
1269cutin62,31,408.93,102.4,306.53
1270cutin63,31,253.4,3.75,249.65
1271follow1169,31,5.17,164.72,159.55
1272follow1170,31,408.175,226.315,181.86
1273follow1171,31,141.31,396.23,254.92
1274follow1172,31,108.345,392.915,284.57
1275follow1173,31,400.13,276.59,123.54
1276follow1174,31,406.865,232.715,174.15
1277follow1175,31,30.4,271.49,241.09
1278follow1176,31,408.36,206.01,202.35
1279follow1177,31,4.505,193.095,188.59
1280follow1178,31,6.095,163.895,157.8
1281follow1179,31,4.63,206.3,201.67
1282follow1180,31,6.025,169.935,163.91
1283follow1181,31,5.485,194.675,189.19
1284follow1182,31,350.885,40.025,310.86
1285follow1183,31,7.725,155.795,148.07
1286follow1184,31,103.91,382.39,278.48
1287follow1185,31,406.36,230,176.36
1288follow1186,31,5.445,177.645,172.2
1289follow1187,31,407.82,256.57,151.25
1290follow1188,31,400.22,253.97,146.25
1291cutin64,31,393.63,55.36,338.27
1292lanechanging41,31,336.045,-3.425,339.47
1293follow1189,31,407.975,119.945,288.03
1294follow1190,31,4.73,169.92,165.19
1295follow1191,31,7.17,148.57,141.4
1296lanechanging42,31,407.425,101.185,306.24
1297cutin65,31,321.075,-3.065,324.14
1298cutin66,31,349.145,62.035,287.11
1299follow1192,31,4.12,180.87,176.75
1300follow1193,31,5.175,146.625,141.45
1301follow1194,31,11.76,288.42,276.66
1302follow1195,31,408.935,230.665,178.27
1303follow1196,31,4.14,136.7,132.56
1304follow1197,31,38.42,161.93,123.51
1305follow1198,31,407.13,37.99,369.14
1306follow1199,31,304.435,7.745,296.69
1307follow1200,31,409.16,183.94,225.22
1308cutin67,31,152.535,416.935,264.4
1309follow1201,31,5.84,159.79,153.95
1310follow1202,31,408.92,253.66,155.26
1311follow1203,31,408.685,178.165,230.52
1312follow1204,31,408.295,216.665,191.63
1313follow1205,31,408.83,147.44,261.39
1314follow1206,31,5.56,192.41,186.85
1315cutin68,31,178.045,407.985,229.94
1316follow1207,31,3.885,179.495,175.61
1317follow1208,31,408.195,235.595,172.6
1318follow1209,31,360.925,25.455,335.47
1319follow1210,31,4.305,164.535,160.23
1320follow1211,31,409.15,232.96,176.19
1321follow1212,31,408.755,165.185,243.57
1322follow1213,31,106.745,387.535,280.79
1323follow1214,31,6.755,288.545,281.79
1324follow1215,31,408.505,240.855,167.65
1325follow1216,31,4.255,162.305,158.05
1326cutin69,31,170.7,408.85,238.15
1327follow1217,31,4.42,129.87,125.45
1328follow1218,31,153.395,380.635,227.24
1329follow1219,31,407.18,274.67,132.51
1330follow1220,32,6.925,163.245,156.32
1331cutin70,32,247.47,-2.44,249.91
1332follow1221,32,407.18,262.03,145.15
1333follow1222,32,59.085,393.555,334.47
1334follow1223,32,6.385,181.655,175.27
1335follow1224,32,406.48,111.73,294.75
1336lanechanging43,32,396.775,57.985,338.79
1337follow1225,32,407.255,245.355,161.9
1338follow1226,32,408.265,250.295,157.97
1339follow1227,32,325.975,52.855,273.12
1340follow1228,32,61.105,399.185,338.08
1341follow1229,32,115.255,370.555,255.3
1342follow1230,32,405.135,234.375,170.76
1343follow1231,32,363.78,105.89,257.89
1344lanechanging44,32,284.46,0,284.46
1345follow1232,32,5.965,163.115,157.15
1346cutin71,32,72.185,361.285,289.1
1347follow1233,32,408.025,134.605,273.42
1348follow1234,32,5.265,150.735,145.47
1349follow1235,32,406.415,131.555,274.86
1350follow1236,32,408.265,257.715,150.55
1351follow1237,32,4.89,174.25,169.36
1352follow1238,32,405.675,107.865,297.81
1353follow1239,32,407.415,224.455,182.96
1354follow1240,32,6.895,312.155,305.26
1355follow1241,32,408.195,244.985,163.21
1356cutin72,32,369.37,14.33,355.04
1357follow1242,32,408.155,127.585,280.57
1358follow1243,32,4.615,161.545,156.93
1359follow1244,33,339.12,16.71,322.41
1360follow1245,33,19.895,246.525,226.63
1361follow1246,33,131.67,374.46,242.79
1362follow1247,33,84.425,352.755,268.33
1363follow1248,33,79.205,353.355,274.15
1364follow1249,33,298.385,22.365,276.02
1365follow1250,33,4.575,160.315,155.74
1366follow1251,33,5.57,150.22,144.65
1367follow1252,33,7.585,173.355,165.77
1368follow1253,33,6.365,157.885,151.52
1369follow1254,33,8.5,337.56,329.06
1370follow1255,33,50.075,329.095,279.02
1371follow1256,33,77.875,386.495,308.62
1372follow1257,33,78.115,324.065,245.95
1373follow1258,33,5.47,250.87,245.4
1374follow1259,33,93.325,330.295,236.97
1375follow1260,33,5.905,238.905,233
1376follow1261,33,15.78,395.39,379.61
1377follow1262,33,4.87,167.78,162.91
1378follow1263,33,408.065,234.755,173.31
1379follow1264,33,11.49,119.57,108.08
1380follow1265,33,12.32,246.97,234.65
1381follow1266,33,7.385,197.785,190.4
1382follow1267,33,408.095,259.175,148.92
1383follow1268,33,22.325,310.145,287.82
1384follow1269,33,291.46,53.32,238.14
1385follow1270,33,4.735,137.205,132.47
1386follow1271,33,3.54,162.98,159.44
1387follow1272,33,5.445,176.985,171.54
1388follow1273,33,67.045,387.955,320.91
1389follow1274,33,5.575,286.415,280.84
1390follow1275,33,4.145,301.595,297.45
1391follow1276,33,405.975,93.205,312.77
1392cutin73,33,38.775,366.045,327.27
1393follow1277,34,8.065,180.855,172.79
1394follow1278,34,404.155,214.535,189.62
1395follow1279,34,407.785,258.435,149.35
1396follow1280,34,4.81,160.8,155.99
1397follow1281,34,5.78,277.65,271.87
1398follow1282,34,115.21,389.38,274.17
1399follow1283,34,406.365,230.455,175.91
1400cutin74,34,408.625,148.475,260.15
1401follow1284,34,4.97,271.06,266.09
1402follow1285,34,6.495,276.695,270.2
1403follow1286,34,3.96,297,293.04
1404follow1287,34,7.02,303.75,296.73
1405follow1288,34,5.065,339.365,334.3
1406follow1289,34,5.13,319.18,314.05
1407follow1290,34,408.125,148.575,259.55
1408follow1291,34,4.345,223.435,219.09
1409follow1292,34,406.93,237.53,169.4
1410follow1293,34,64.98,370.82,305.84
1411follow1294,34,407.605,162.195,245.41
1412follow1295,34,97.535,326.075,228.54
1413follow1296,34,11.935,133.355,121.42
1414follow1297,34,408.505,241.225,167.28
1415follow1298,34,4.245,286.075,281.83
1416follow1299,34,119.72,398.21,278.49
1417follow1300,34,397.675,113.295,284.38
1418follow1301,34,98.22,364.61,266.39
1419follow1302,34,406.525,230.005,176.52
1420follow1303,34,407.655,230.725,176.93
1421follow1304,34,3.705,179.755,176.05
1422lanechanging45,34,159.84,408.45,248.61
1423follow1305,34,21.825,257.075,235.25
1424follow1306,34,4.56,161.46,156.9
1425follow1307,34,407.775,125.405,282.37
1426follow1308,34,405.76,250.92,154.84
1427follow1309,34,408.66,248.77,159.89
1428follow1310,34,8.705,172.235,163.53
1429follow1311,35,40.065,4.295,35.77
1430cutin75,35,263.415,-2.655,266.07
1431follow1312,35,349.845,35.315,314.53
1432follow1313,35,13.535,199.035,185.5
1433cutin76,35,219.105,5.205,213.9
1434cutin77,35,256.465,4.205,252.26
1435follow1314,35,5.55,171.2,165.65
1436cutin78,35,47.275,388.215,340.94
1437follow1315,35,407.165,217.155,190.01
1438follow1316,35,5.835,180.835,175
1439follow1317,35,4.295,231.035,226.74
1440follow1318,35,4.885,175.415,170.53
1441follow1319,35,4.715,163.995,159.28
1442follow1320,35,408.365,167.755,240.61
1443follow1321,35,4.065,210.015,205.95
1444follow1322,35,5.68,176.63,170.95
1445follow1323,35,406.96,262.04,144.92
1446follow1324,35,6.01,178.36,172.35
1447cutin79,35,316.82,-2.28,319.1
1448follow1325,35,5.835,194.995,189.16
1449follow1326,35,4.945,238.095,233.15
1450cutin80,35,227.73,408.76,181.03
1451follow1327,35,407.875,262.885,144.99
1452follow1328,35,151.34,393.36,242.02
1453cutin81,35,295.025,-3.035,298.06
1454follow1329,35,408.29,279.31,128.98
1455lanechanging46,35,408.65,112.49,296.16
1456follow1330,35,5.115,248.325,243.21
1457follow1331,35,408.255,172.315,235.94
1458follow1332,35,5.125,302.915,297.79
1459follow1333,35,5.285,231.925,226.64
1460cutin82,35,84.935,370.485,285.55
1461follow1334,35,408.065,211.135,196.93
1462follow1335,35,108.825,353.895,245.07
1463follow1336,35,7.225,276.195,268.97
1464follow1337,35,23.305,368.075,344.77
1465follow1338,36,286.755,409.285,122.53
1466follow1339,36,12.005,147.885,135.88
1467follow1340,36,409.055,145.075,263.98
1468follow1341,36,406.36,261.26,145.1
1469follow1342,36,406.88,247,159.88
1470follow1343,36,4.28,229.94,225.66
1471follow1344,36,285.915,48.225,237.69
1472follow1345,36,303.53,29.94,273.59
1473follow1346,36,277.3,51.33,225.97
1474follow1347,36,272.49,26.83,245.66
1475follow1348,36,165.48,400.69,235.21
1476follow1349,36,306.63,36.73,269.9
1477follow1350,36,300.585,28.705,271.88
1478follow1351,36,348.485,66.025,282.46
1479follow1352,36,408.955,107.545,301.41
1480follow1353,36,403.685,67.725,335.96
1481lanechanging47,36,206.42,25.71,180.71
1482follow1354,36,408.235,196.595,211.64
1483follow1355,36,351.745,79.585,272.16
1484follow1356,36,408.825,135.605,273.22
1485follow1357,36,27.26,340.37,313.11
1486lanechanging48,36,273.975,14.145,259.83
1487follow1358,36,408.815,132.555,276.26
1488cutin83,36,205.395,4.385,201.01
1489follow1359,36,355.385,48.065,307.32
1490lanechanging49,36,203.75,4.51,199.24
1491follow1360,36,407.14,165.26,241.88
1492cutin84,36,317.365,35.515,281.85
1493follow1361,36,408.475,246.525,161.95
1494follow1362,36,6.425,182.765,176.34
1495follow1363,36,164.225,396.045,231.82
1496follow1364,36,3.65,199.14,195.49
1497follow1365,36,5.415,216.395,210.98
1498follow1366,36,407.71,262.27,145.44
1499follow1367,36,9.785,320.205,310.42
1500follow1368,36,350.185,89.675,260.51
1501follow1369,36,67.615,381.755,314.14
1502follow1370,36,149.49,386.47,236.98
1503follow1371,36,409.135,164.145,244.99
1504follow1372,36,20.685,342.245,321.56
1505follow1373,36,5.285,150.005,144.72
1506follow1374,36,409.095,228.715,180.38
1507follow1375,36,4.755,134.825,130.07
1508follow1376,36,19.915,294.315,274.4
1509follow1377,36,5.825,166.445,160.62
1510follow1378,36,409.145,254.005,155.14
1511follow1379,36,407.735,123.175,284.56
1512follow1380,36,382.815,88.135,294.68
1513follow1381,36,346.895,94.185,252.71
1514follow1382,36,270.415,66.125,204.29
1515follow1383,36,4.465,165.595,161.13
1516follow1384,36,4.895,149.155,144.26
1517follow1385,36,5.295,221.565,216.27
1518follow1386,36,6.255,202.245,195.99
1519follow1387,36,315.02,89.35,225.67
1520follow1388,36,400.365,265.785,134.58
1521cutin85,36,371.495,87.045,284.45
1522follow1389,36,310,45.78,264.22
1523follow1390,36,408.455,153.735,254.72
1524follow1391,36,4.97,152.27,147.3
1525follow1392,36,4.025,243.535,239.51
1526follow1393,36,5.865,181.895,176.03
1527follow1394,36,10.345,132.605,122.26
1528follow1395,36,329.295,28.315,300.98
1529follow1396,36,407.875,170.475,237.4
1530follow1397,36,408.825,255.705,153.12
1531follow1398,36,59.915,384.185,324.27
1532follow1399,36,323.105,75.745,247.36
1533cutin86,36,221.195,4.205,216.99
1534follow1400,36,342.805,30.295,312.51
1535follow1401,36,318.36,100.46,217.9
1536follow1402,36,406.14,242.35,163.79
1537follow1403,36,396.285,94.485,301.8
1538follow1404,36,292.045,61.985,230.06
1539follow1405,36,16.33,262.19,245.86
1540follow1406,36,5.195,238.955,233.76
1541follow1407,36,382.715,92.615,290.1
1542follow1408,36,406.805,132.215,274.59
1543follow1409,36,387.04,107.12,279.92
1544follow1410,36,373.175,84.455,288.72
1545follow1411,36,5.03,164.97,159.94
1546follow1412,36,306.1,91.93,214.17
1547follow1413,36,5.055,157.885,152.83
1548follow1414,36,185.205,54.505,130.7
1549follow1415,36,226.405,89.055,137.35
1550follow1416,36,400.48,178.11,222.37
1551cutin87,36,291.65,39.84,251.81
1552cutin88,36,345.325,41.055,304.27
1553cutin89,36,208.465,-2.555,211.02
1554cutin90,36,226.575,-2.695,229.27
1555follow1417,36,405.68,164.86,240.82
1556follow1418,36,406.065,171.575,234.49
1557follow1419,36,405.765,200.885,204.88
1558follow1420,36,405.47,196.86,208.61
1559follow1421,36,404.075,133.715,270.36
1560follow1422,36,306.98,213.54,93.44
1561follow1423,36,386.855,195.175,191.68
1562follow1424,36,405.795,145.905,259.89
1563follow1425,36,377.685,198.005,179.68
1564follow1426,36,404.455,133.775,270.68
1565follow1427,36,403.855,292.815,111.04
1566follow1428,36,373.545,122.465,251.08
1567follow1429,36,382.565,138.385,244.18
1568follow1430,36,405.565,272.745,132.82
1569follow1431,36,402.725,249.865,152.86
1570follow1432,36,405.585,286.465,119.12
1571cutin91,36,360.55,255.94,104.61
1572follow1433,36,408.01,329.17,78.84
1573follow1434,37,5.475,163.255,157.78
1574follow1435,37,5.64,275.48,269.84
1575follow1436,37,145.37,380.35,234.98
1576follow1437,37,407.095,110.075,297.02
1577follow1438,37,7.34,214.91,207.57
1578follow1439,37,4.835,343.615,338.78
1579follow1440,37,5.08,173.67,168.59
1580follow1441,37,15.025,136.525,121.5
1581follow1442,37,407.73,103.71,304.02
1582follow1443,37,5.045,153.985,148.94
1583follow1444,37,84.845,336.075,251.23
1584follow1445,37,6.665,177.835,171.17
1585follow1446,37,5.92,180.13,174.21
1586follow1447,37,5,173.44,168.44
1587follow1448,37,407.725,239.995,167.73
1588follow1449,37,112.345,397.565,285.22
1589follow1450,37,135.07,387.74,252.67
1590follow1451,37,5.81,180.12,174.31
1591follow1452,37,6.125,189.685,183.56
1592follow1453,37,64.455,380.295,315.84
1593follow1454,37,4.795,263.705,258.91
1594follow1455,37,4.795,191.275,186.48
1595follow1456,37,4.74,153.99,149.25
1596follow1457,37,5.525,190.965,185.44
1597follow1458,37,409.125,160.955,248.17
1598follow1459,37,5.555,194.155,188.6
1599follow1460,37,7.04,145.17,138.13
1600follow1461,37,6.975,197.195,190.22
1601follow1462,37,408.665,244.655,164.01
1602follow1463,37,407.685,201.515,206.17
1603follow1464,37,406.39,246.52,159.87
1604follow1465,37,74.79,396.23,321.44
1605follow1466,37,7.885,350.815,342.93
1606follow1467,37,408.975,248.145,160.83
1607follow1468,37,5.465,215.745,210.28
1608follow1469,37,406.73,149.08,257.65
1609follow1470,37,5.075,324.785,319.71
1610follow1471,37,4.935,197.775,192.84
1611follow1472,38,408.71,240.87,167.84
1612follow1473,38,80.17,336.3,256.13
1613follow1474,38,4.94,183.33,178.39
1614follow1475,38,404.16,276.89,127.27
1615follow1476,38,408.015,239.245,168.77
1616cutin92,38,211.455,4.175,207.28
1617cutin93,38,402.275,35.795,366.48
1618follow1477,38,409.06,147.37,261.69
1619follow1478,38,407.485,49.395,358.09
1620follow1479,38,409.26,254.75,154.51
1621follow1480,38,32.435,286.725,254.29
1622follow1481,38,44.66,312.56,267.9
1623follow1482,38,4.725,186.545,181.82
1624follow1483,38,408.315,244.815,163.5
1625follow1484,38,83.755,335.125,251.37
1626follow1485,38,5.245,262.485,257.24
1627follow1486,38,4.915,157.935,153.02
1628lanechanging50,38,92.255,416.175,323.92
1629follow1487,38,4.745,157.785,153.04
1630follow1488,38,408.615,233.385,175.23
1631follow1489,38,99.415,347.355,247.94
1632follow1490,38,4.445,150.115,145.67
1633follow1491,38,4.955,177.475,172.52
1634follow1492,38,6.795,324.355,317.56
1635follow1493,38,5.645,152.215,146.57
1636follow1494,38,405.755,235.165,170.59
1637follow1495,38,5.46,153.39,147.93
1638follow1496,38,364.375,205.815,158.56
1639follow1497,38,6.195,136.065,129.87
1640follow1498,38,407.525,77.305,330.22
1641follow1499,38,50.025,388.765,338.74
1642follow1500,38,86.755,391.685,304.93
1643follow1501,38,406.93,220.18,186.75
1644follow1502,38,3.54,256.48,252.94
1645follow1503,38,408.2,222.71,185.49
1646follow1504,38,84.695,398.505,313.81
1647follow1505,38,4.145,279.445,275.3
1648follow1506,38,4.485,246.535,242.05
1649follow1507,38,4.065,180.745,176.68
1650follow1508,38,4.125,167.455,163.33
1651follow1509,38,5.725,160.085,154.36
1652follow1510,38,408.585,142.985,265.6
1653follow1511,38,55.905,383.775,327.87
1654follow1512,39,6.96,145.19,138.23
1655follow1513,39,405.74,251.04,154.7
1656follow1514,39,408.075,118.105,289.97
1657follow1515,39,4.825,345.435,340.61
1658follow1516,39,4.685,198.105,193.42
1659follow1517,39,408.01,142.17,265.84
1660follow1518,39,409.115,240.345,168.77
1661follow1519,39,99.065,390.585,291.52
1662follow1520,39,106.34,395.37,289.03
1663follow1521,39,37.73,388.05,350.32
1664follow1522,39,406.53,203.93,202.6
1665follow1523,39,407.285,213.085,194.2
1666follow1524,39,54.295,341.365,287.07
1667follow1525,39,29.625,320.615,290.99
1668follow1526,39,7.705,186.245,178.54
1669follow1527,39,7.705,165.115,157.41
1670follow1528,39,407.3,95.28,312.02
1671cutin94,39,263.075,8.475,254.6
1672follow1529,39,7.795,172.585,164.79
1673follow1530,39,397.845,136.175,261.67
1674follow1531,39,409.03,250.32,158.71
1675cutin95,39,308.165,1.045,307.12
1676follow1532,39,363.135,16.925,346.21
1677cutin96,39,317.905,13.475,304.43
1678follow1533,39,8.63,168.56,159.93
1679follow1534,39,407.115,145.395,261.72
1680follow1535,39,406.315,227.665,178.65
1681follow1536,39,6.145,172.055,165.91
1682follow1537,39,61.725,380.485,318.76
1683cutin97,39,362.985,7.955,355.03
1684follow1538,39,5.77,131.77,126
1685follow1539,39,405.815,150.405,255.41
1686cutin98,39,406.265,73.765,332.5
1687lanechanging51,39,343.97,21.97,322
1688follow1540,39,405.83,202.39,203.44
1689follow1541,39,5.755,217.255,211.5
1690follow1542,39,6.52,274.34,267.82
1691follow1543,39,407.165,247.425,159.74
1692follow1544,40,330.025,154.735,175.29
1693lanechanging52,40,258.345,4.645,253.7
1694follow1545,40,9.745,248.065,238.32
1695follow1546,40,96.845,395.365,298.52
1696cutin99,40,407.835,107.365,300.47
1697follow1547,40,4.555,186.175,181.62
1698follow1548,40,49.025,230.455,181.43
1699follow1549,40,5.605,174.785,169.18
1700follow1550,40,406.605,217.545,189.06
1701follow1551,40,407.915,195.455,212.46
1702follow1552,40,399.105,199.465,199.64
1703follow1553,40,6.25,256.06,249.81
1704cutin100,40,407.515,84.475,323.04
1705follow1554,40,4.96,150.08,145.12
1706follow1555,40,407.49,211.36,196.13
1707follow1556,40,40.975,283.275,242.3
1708follow1557,40,407.76,260.9,146.86
1709follow1558,40,406.805,44.615,362.19
1710follow1559,40,406.985,223.635,183.35
1711follow1560,40,404.8,179.04,225.76
1712follow1561,40,74.85,391.86,317.01
1713follow1562,40,135.31,379.73,244.42
1714follow1563,40,305.555,55.955,249.6
1715lanechanging53,40,248.36,-1.57,249.93
1716follow1564,40,404.18,239.63,164.55
1717follow1565,40,5.345,181.575,176.23
1718follow1566,40,4.895,134.865,129.97
1719follow1567,40,399.265,231.735,167.53
1720cutin101,40,374.255,103.895,270.36
1721follow1568,40,407.855,176.095,231.76
1722follow1569,40,407.605,134.635,272.97
1723follow1570,40,408.995,133.165,275.83
1724lanechanging54,40,322.88,94.49,228.39
1725cutin102,40,294.99,-2.06,297.05
1726follow1571,40,407.725,91.555,316.17
1727follow1572,40,20.33,309.08,288.75
1728cutin103,40,406.675,103.845,302.83
1729follow1573,40,5.195,166.285,161.09
1730follow1574,40,3.385,145.455,142.07
1731follow1575,40,404.86,215.04,189.82
1732cutin104,40,381.405,65.055,316.35
1733cutin105,40,282.875,-2.075,284.95
1734follow1576,40,407.075,91.575,315.5
1735follow1577,40,397.62,265.53,132.09
1736follow1578,40,407.14,129.84,277.3
1737follow1579,40,4.095,179.605,175.51
1738follow1580,40,407.095,192.185,214.91
1739cutin106,40,276.635,6.035,270.6
1740follow1581,40,406.595,209.615,196.98
1741follow1582,40,6.135,142.315,136.18
1742follow1583,40,6.425,178.855,172.43
1743follow1584,40,64.46,318.41,253.95
1744follow1585,40,406.935,234.285,172.65
1745follow1586,40,6.875,169.875,163
1746follow1587,40,407.225,94.725,312.5
1747follow1588,41,143.695,-2.315,146.01
1748follow1589,41,407.915,227.915,180
1749cutin107,41,407.325,61.045,346.28
1750follow1590,41,5.735,264.585,258.85
1751follow1591,41,4.595,175.285,170.69
1752follow1592,41,407.175,202.615,204.56
1753cutin108,41,316.37,5.38,310.99
1754follow1593,41,5.95,130.58,124.63
1755follow1594,41,4.005,146.515,142.51
1756follow1595,41,5.33,197.29,191.96
1757follow1596,41,5.355,230.265,224.91
1758cutin109,41,404.91,54.89,350.02
1759follow1597,41,56.035,330.535,274.5
1760follow1598,41,5.465,224.885,219.42
1761follow1599,41,407.23,246.86,160.37
1762cutin110,41,391.965,75.535,316.43
1763follow1600,41,5.155,327.255,322.1
1764follow1601,41,131.99,389.93,257.94
1765follow1602,41,5.995,184.615,178.62
1766follow1603,41,405.765,153.395,252.37
1767follow1604,41,342.465,181.965,160.5
1768follow1605,41,4.155,161.435,157.28
1769follow1606,41,408.305,113.015,295.29
1770follow1607,41,6.675,154.895,148.22
1771follow1608,41,109.095,378.905,269.81
1772follow1609,41,12.33,184.77,172.44
1773follow1610,41,4.955,185.665,180.71
1774follow1611,41,407.165,234.865,172.3
1775follow1612,41,6.14,173.76,167.62
1776cutin111,41,408.81,161.15,247.66
1777follow1613,41,408.435,145.005,263.43
1778follow1614,41,407.405,218.115,189.29
1779follow1615,41,4.4,181.45,177.05
1780follow1616,41,4.88,258.28,253.4
1781follow1617,41,407.435,219.905,187.53
1782follow1618,41,368.515,33.145,335.37
1783follow1619,41,5.355,238.715,233.36
1784follow1620,41,4.39,160.02,155.63
1785follow1621,41,408.45,233.97,174.48
1786follow1622,41,4.555,183.895,179.34
1787follow1623,41,408.345,123.465,284.88
1788follow1624,41,78.395,342.055,263.66
1789cutin112,41,206.69,0.23,206.46
1790follow1625,41,7.845,179.155,171.31
1791follow1626,41,79.755,365.485,285.73
1792follow1627,41,408.505,241.165,167.34
1793cutin113,41,392.67,50.1,342.57
1794follow1628,41,6.935,312.205,305.27
1795follow1629,41,6.045,245.395,239.35
1796lanechanging55,41,407.695,165.695,242
1797follow1630,41,128.785,398.495,269.71
1798follow1631,41,407.96,226.44,181.52
1799follow1632,41,5.37,170.86,165.49
1800follow1633,42,226.46,11.89,214.57
1801follow1634,42,4.695,260.005,255.31
1802cutin114,42,139.365,3.965,135.4
1803follow1635,42,62.955,278.405,215.45
1804follow1636,42,35.07,322.46,287.39
1805follow1637,42,4.645,154.205,149.56
1806follow1638,42,24.355,297.335,272.98
1807follow1639,42,3.515,142.475,138.96
1808follow1640,42,4.025,172.455,168.43
1809follow1641,42,3.85,160.28,156.43
1810follow1642,42,4.59,135.01,130.42
1811cutin115,42,371.375,68.275,303.1
1812cutin116,42,277.855,-3.095,280.95
1813lanechanging56,42,324.605,43.175,281.43
1814follow1643,42,116.99,372.71,255.72
1815follow1644,42,4.01,176.97,172.96
1816follow1645,42,77.775,320.185,242.41
1817follow1646,42,4.63,175.38,170.75
1818follow1647,42,405.05,268.55,136.5
1819follow1648,42,405.945,257.075,148.87
1820cutin117,42,390.445,68.105,322.34
1821follow1649,42,4.01,161.38,157.37
1822follow1650,42,405.655,171.905,233.75
1823follow1651,42,4.005,296.405,292.4
1824follow1652,42,406.935,122.375,284.56
1825follow1653,42,405.61,129,276.61
1826follow1654,42,42.64,368.6,325.96
1827follow1655,42,4.63,250.36,245.73
1828follow1656,42,407.74,232.83,174.91
1829follow1657,42,4.815,192.315,187.5
1830follow1658,42,407.185,216.905,190.28
1831follow1659,42,407.375,159.055,248.32
1832follow1660,42,390.065,60.235,329.83
1833follow1661,42,394.84,73.03,321.81
1834follow1662,43,371.795,122.405,249.39
1835follow1663,43,10.645,359.845,349.2
1836follow1664,43,408.545,207.155,201.39
1837follow1665,43,350.605,101.035,249.57
1838follow1666,43,75.76,353.88,278.12
1839follow1667,43,19.465,283.075,263.61
1840follow1668,43,84.255,395.125,310.87
1841follow1669,43,41.145,352.475,311.33
1842follow1670,43,408.26,226.82,181.44
1843follow1671,43,7.505,328.065,320.56
1844follow1672,43,4.525,182.295,177.77
1845follow1673,43,407.955,212.075,195.88
1846follow1674,43,4.525,223.875,219.35
1847lanechanging57,43,229.165,5.995,223.17
1848cutin118,43,408.52,82.16,326.36
1849follow1675,43,406.045,195.405,210.64
1850follow1676,43,407.855,54.995,352.86
1851follow1677,43,407.25,221.34,185.91
1852follow1678,43,408.87,270.51,138.36
1853follow1679,43,408.435,247.465,160.97
1854lanechanging58,43,214.415,-1.835,216.25
1855follow1680,43,3.905,164.305,160.4
1856follow1681,43,408.53,74.65,333.88
1857follow1682,43,4.645,284.835,280.19
1858follow1683,43,5.08,306.04,300.96
1859follow1684,43,382.375,89.455,292.92
1860follow1685,43,44.805,369.495,324.69
1861follow1686,43,405.085,220.095,184.99
1862follow1687,43,316.13,63.44,252.69
1863follow1688,43,409.16,238.09,171.07
1864lanechanging59,43,215.795,-1.735,217.53
1865lanechanging60,43,358.665,6.385,352.28
1866lanechanging61,43,220.87,4.15,216.72
1867follow1689,43,361.435,79.145,282.29
1868follow1690,43,5.61,278.46,272.85
1869cutin119,43,306.765,-2.295,309.06
1870follow1691,43,4.925,185.865,180.94
1871cutin120,43,304.67,54.69,249.98
1872follow1692,43,83.74,358.4,274.66
1873cutin121,44,395.235,50.345,344.89
1874follow1693,44,4.41,157.32,152.91
1875follow1694,44,4.405,143.935,139.53
1876follow1695,44,407.51,215.26,192.25
1877follow1696,44,403.58,246.85,156.73
1878follow1697,44,406.63,233.7,172.93
1879follow1698,44,407.805,67.005,340.8
1880follow1699,44,3.88,253.12,249.24
1881follow1700,44,4.9,245.85,240.95
1882follow1701,44,406.56,234.47,172.09
1883follow1702,44,4.56,229.43,224.87
1884follow1703,44,4.335,155.675,151.34
1885follow1704,44,5.435,298.425,292.99
1886cutin122,44,247.835,4.235,243.6
1887follow1705,44,5.265,174.825,169.56
1888follow1706,44,3.835,236.875,233.04
1889follow1707,44,375.85,221.45,154.4
1890lanechanging62,44,295.395,-2.155,297.55
1891follow1708,44,4.225,258.425,254.2
1892lanechanging63,44,324.195,-2.535,326.73
1893follow1709,44,404.585,225.275,179.31
1894follow1710,44,406.48,106.23,300.25
1895cutin123,44,216.045,4.205,211.84
1896follow1711,44,5.36,210.78,205.42
1897follow1712,44,4.565,167.825,163.26
1898follow1713,44,103.68,397.3,293.62
1899follow1714,44,94.715,399.215,304.5
1900follow1715,44,3.5,179.49,175.99
1901cutin124,44,358.755,40.015,318.74
1902follow1716,44,88.15,334.69,246.54
1903follow1717,44,26.045,191.275,165.23
1904follow1718,44,403.165,198.015,205.15
1905follow1719,44,4.985,168.125,163.14
1906follow1720,44,4.78,151.67,146.89
1907follow1721,44,4.885,181.245,176.36
1908follow1722,44,406.44,235.29,171.15
1909follow1723,44,62.85,371.01,308.16
1910follow1724,44,407.615,224.505,183.11
1911follow1725,44,3.785,240.635,236.85
1912follow1726,44,86.705,397.185,310.48
1913follow1727,44,3.98,158.63,154.65
1914follow1728,44,4.61,178.04,173.43
1915follow1729,44,409.045,284.945,124.1
1916follow1730,44,407.99,258.96,149.03
1917cutin125,44,404.78,124.18,280.6
1918follow1731,44,77.425,398.915,321.49
1919follow1732,45,353.665,60.555,293.11
1920cutin126,45,175.3,5.36,169.94
1921follow1733,45,4.94,310.59,305.65
1922lanechanging64,45,271.185,408.195,137.01
1923follow1734,45,407.575,223.305,184.27
1924follow1735,45,407.895,119.815,288.08
1925cutin127,45,191.855,4.435,187.42
1926follow1736,45,378.185,44.615,333.57
1927follow1737,45,402.52,227.11,175.41
1928follow1738,45,405.97,251.05,154.92
1929follow1739,45,5.565,172.395,166.83
1930follow1740,45,359.295,14.515,344.78
1931follow1741,45,48.925,389.365,340.44
1932cutin128,45,332.72,-2.81,335.53
1933follow1742,45,4.73,234.4,229.67
1934follow1743,45,408.005,206.455,201.55
1935lanechanging65,45,408.65,179.95,228.7
1936follow1744,45,6.15,223.33,217.18
1937follow1745,45,6.005,178.015,172.01
1938cutin129,45,202.775,408.355,205.58
1939follow1746,45,5.47,247.79,242.32
1940follow1747,45,5.09,148.64,143.55
1941follow1748,45,13.1,132.56,119.46
1942cutin130,45,4.15,297.5,293.35
1943follow1749,45,407.115,239.515,167.6
1944follow1750,45,4.485,124.575,120.09
1945follow1751,45,4.985,180.295,175.31
1946follow1752,45,407.405,240.465,166.94
1947follow1753,45,5.33,276.08,270.75
1948follow1754,45,6.295,187.785,181.49
1949follow1755,45,6.58,213.99,207.41
1950follow1756,45,140.71,398.16,257.45
1951follow1757,45,407.49,220.61,186.88
1952follow1758,45,406.84,191.72,215.12
1953follow1759,45,13.07,385.43,372.36
1954follow1760,45,4.89,178.17,173.28
1955follow1761,45,109.44,376.67,267.23
1956follow1762,45,39.455,298.875,259.42
1957follow1763,45,407.53,97.69,309.84
1958follow1764,45,4.965,153.615,148.65
1959follow1765,45,407.365,231.995,175.37
1960follow1766,45,407.345,105.285,302.06
1961follow1767,45,5.095,143.755,138.66
1962follow1768,45,408.56,146.41,262.15
1963follow1769,45,406.73,107.28,299.45
1964follow1770,45,5.615,163.505,157.89
1965follow1771,45,405.405,200.425,204.98
1966lanechanging66,45,380.785,65.145,315.64
1967follow1772,45,344.06,14.9,329.16
1968follow1773,45,7.04,170.54,163.5
1969follow1774,45,4.55,252.62,248.07
1970follow1775,45,6.455,141.505,135.05
1971follow1776,45,22.84,347.35,324.51
1972follow1777,45,26.235,294.215,267.98
1973follow1778,45,4.59,285.2,280.61
1974follow1779,45,398.96,213.84,185.12
1975follow1780,45,4.47,203.21,198.74
1976follow1781,45,407.145,130.095,277.05
1977cutin131,45,4.34,399.18,394.84
1978follow1782,45,406.61,230.98,175.63
1979follow1783,45,408.5,111.54,296.96
1980follow1784,45,3.55,278.5,274.95
1981follow1785,46,407.95,210.68,197.27
1982follow1786,46,92.585,186.415,93.83
1983follow1787,46,407.82,238.79,169.03
1984follow1788,46,3.605,43.995,40.39
1985follow1789,46,4.325,62.835,58.51
1986follow1790,46,4.63,48.52,43.89
1987follow1791,46,408.09,239.56,168.53
1988follow1792,46,408.495,156.165,252.33
1989follow1793,46,5.07,196.76,191.69
1990follow1794,46,160.68,380.38,219.7
1991follow1795,46,6.355,109.085,102.73
1992follow1796,46,6.505,171.925,165.42
1993follow1797,46,6.275,133.745,127.47
1994follow1798,46,7.45,120.1,112.65
1995follow1799,46,6.86,117.17,110.31
1996follow1800,46,127.865,363.405,235.54
1997follow1801,46,7.11,127.27,120.16
1998follow1802,46,408.06,115.29,292.77
1999follow1803,46,6.715,226.075,219.36
2000follow1804,46,407.29,219.8,187.49
2001follow1805,46,408.46,256.47,151.99
2002follow1806,46,58.31,297.34,239.03
2003follow1807,46,39.805,255.875,216.07
2004follow1808,46,346.91,26.45,320.46
2005follow1809,46,7.95,144.81,136.86
2006follow1810,46,407.13,212.8,194.33
2007follow1811,46,109.085,372.055,262.97
2008follow1812,46,409.045,66.305,342.74
2009follow1813,46,400.125,196.685,203.44
2010follow1814,46,6.445,154.095,147.65
2011follow1815,46,7.91,144.66,136.75
2012follow1816,46,408.795,166.705,242.09
2013follow1817,46,372.425,113.495,258.93
2014cutin132,46,219,8.08,210.92
2015follow1818,46,105.245,360.645,255.4
2016lanechanging67,46,78.165,362.305,284.14
2017follow1819,46,159.855,388.315,228.46
2018follow1820,46,6.91,332.71,325.8
2019follow1821,46,11.98,163.59,151.61
2020follow1822,46,408.39,237.92,170.47
2021follow1823,46,9.17,301.25,292.08
2022follow1824,47,4.575,216.085,211.51
2023follow1825,47,5.955,186.795,180.84
2024follow1826,47,137.48,400.46,262.98
2025follow1827,47,4.995,224.355,219.36
2026follow1828,47,409.005,250.165,158.84
2027follow1829,47,406.225,215.925,190.3
2028follow1830,47,371.54,44.31,327.23
2029follow1831,47,70.97,319.98,249.01
2030follow1832,47,408.395,166.115,242.28
2031lanechanging68,47,5.395,293.295,287.9
2032follow1833,47,408.3,178.86,229.44
2033follow1834,47,407.94,210.78,197.16
2034follow1835,47,408.42,262.23,146.19
2035follow1836,47,4.335,148.365,144.03
2036follow1837,47,95.61,395.32,299.71
2037follow1838,47,3.79,201.21,197.42
2038follow1839,47,6.855,198.045,191.19
2039follow1840,47,402.095,63.605,338.49
2040follow1841,47,408.72,240.49,168.23
2041follow1842,47,5.675,169.225,163.55
2042follow1843,47,4.38,201.57,197.19
2043follow1844,47,405.82,220.98,184.84
2044follow1845,47,104.415,350.825,246.41
2045follow1846,47,6.24,176.38,170.14
2046follow1847,47,5.51,153.03,147.52
2047follow1848,47,4.875,154.255,149.38
2048follow1849,47,407.565,215.465,192.1
2049cutin133,47,408.61,226.16,182.45
2050follow1850,47,5.835,286.255,280.42
2051follow1851,47,4.525,193.485,188.96
2052follow1852,47,408.715,206.875,201.84
2053follow1853,47,408.775,210.745,198.03
2054follow1854,47,408.035,220.905,187.13
2055follow1855,47,407.455,163.825,243.63
2056follow1856,47,408.835,78.325,330.51
2057follow1857,47,3.52,164.59,161.07
2058follow1858,47,4.615,166.125,161.51
2059follow1859,47,46.555,318.135,271.58
2060follow1860,47,408.54,246.53,162.01
2061follow1861,47,376.75,106.73,270.02
2062cutin134,47,407.47,129.92,277.55
2063follow1862,47,407.165,174.915,232.25
2064follow1863,47,5.045,158.675,153.63
2065follow1864,47,407.035,251.825,155.21
2066follow1865,47,407.565,179.435,228.13
2067follow1866,48,408.345,95.875,312.47
2068follow1867,48,12.935,186.575,173.64
2069cutin135,48,55.315,399.165,343.85
2070follow1868,48,4.37,203.37,199
2071follow1869,48,4.945,217.335,212.39
2072follow1870,48,5.925,279.105,273.18
2073follow1871,48,400.01,187.19,212.82
2074cutin136,48,396.01,38.98,357.03
2075follow1872,48,4.625,232.505,227.88
2076follow1873,48,5.53,344.99,339.46
2077cutin137,48,406.975,164.395,242.58
2078follow1874,48,408.23,236.86,171.37
2079follow1875,48,259.895,50.845,209.05
2080follow1876,48,5.825,159.145,153.32
2081follow1877,48,286.775,40.685,246.09
2082cutin138,48,253.61,-2.99,256.6
2083follow1878,48,12.375,133.795,121.42
2084follow1879,48,74.11,366.23,292.12
2085follow1880,48,408.38,219.19,189.19
2086follow1881,48,408.535,232.195,176.34
2087follow1882,48,6.44,182.21,175.77
2088follow1883,48,4.99,176.2,171.21
2089follow1884,48,405.415,241.735,163.68
2090follow1885,48,4.21,175.8,171.59
2091follow1886,48,4.66,176.23,171.57
2092follow1887,48,4.83,178.89,174.06
2093follow1888,48,47.1,320.51,273.41
2094follow1889,48,4.465,279.745,275.28
2095cutin139,48,4.48,269.85,265.37
2096cutin140,49,216.015,4.415,211.6
2097follow1890,49,407.985,215.355,192.63
2098follow1891,49,407.045,232.605,174.44
2099follow1892,49,373.725,46.185,327.54
2100follow1893,49,408.455,214.985,193.47
2101follow1894,49,4.295,322.985,318.69
2102follow1895,49,5.255,293.195,287.94
2103follow1896,49,4.875,171.065,166.19
2104follow1897,49,406.855,82.625,324.23
2105follow1898,49,407.055,267.895,139.16
2106follow1899,49,405.875,210.525,195.35
2107follow1900,49,408.23,229.56,178.67
2108follow1901,49,407.175,103.165,304.01
2109follow1902,49,17.345,370.065,352.72
2110cutin141,49,407.015,125.215,281.8
2111follow1903,49,4.685,305.315,300.63
2112lanechanging69,49,175.675,408.895,233.22
2113follow1904,49,5.265,151.055,145.79
2114follow1905,49,5.94,316.24,310.3
2115follow1906,49,5.105,143.265,138.16
2116follow1907,49,4.965,163.855,158.89
2117cutin142,49,139.89,415.45,275.56
2118follow1908,49,4.95,131.99,127.04
2119follow1909,49,5.92,176.21,170.29
2120follow1910,49,4.835,186.605,181.77
2121follow1911,49,408.37,176.88,231.49
2122follow1912,50,74.03,316.7,242.67
2123follow1913,50,409.065,252.525,156.54
2124follow1914,50,5.32,149.34,144.02
2125follow1915,50,5.15,294.83,289.68
2126follow1916,50,8.125,241.415,233.29
2127follow1917,50,4.785,303.495,298.71
2128follow1918,50,5.335,165.825,160.49
2129follow1919,50,12.975,138.465,125.49
2130follow1920,50,408.015,254.175,153.84
2131follow1921,50,379.805,22.525,357.28
2132follow1922,50,4.495,304.855,300.36
2133follow1923,50,406.405,222.915,183.49
2134cutin143,50,408.775,108.015,300.76
2135follow1924,50,32.545,282.615,250.07
2136follow1925,50,4.765,155.205,150.44
2137follow1926,50,314.615,33.285,281.33
2138follow1927,50,4.91,288.99,284.08
2139follow1928,50,55.965,387.975,332.01
2140follow1929,50,323.72,17.95,305.77
2141follow1930,50,406.165,253.145,153.02
2142follow1931,50,408.85,225.82,183.03
2143follow1932,50,4.835,271.205,266.37
2144follow1933,50,39.355,319.825,280.47
2145cutin144,50,222.865,407.075,184.21
2146follow1934,50,406.875,225.755,181.12
2147follow1935,50,407.685,220.925,186.76
2148follow1936,50,7.045,166.435,159.39
2149cutin145,50,332.155,11.955,320.2
2150follow1937,50,350.02,66.34,283.68
2151follow1938,50,4.715,235.275,230.56
2152follow1939,50,22.665,242.305,219.64
2153follow1940,50,71.195,369.035,297.84
2154follow1941,50,408.725,239.565,169.16
2155follow1942,50,408.885,122.475,286.41
2156follow1943,50,6.775,217.135,210.36
2157follow1944,50,25.185,331.015,305.83
2158follow1945,50,6.025,187.375,181.35
2159follow1946,50,7.325,252.595,245.27
2160follow1947,51,26.925,361.785,334.86
2161follow1948,51,11.605,324.825,313.22
2162follow1949,51,407.895,243.175,164.72
2163follow1950,51,408.395,215.895,192.5
2164follow1951,51,99.985,349.955,249.97
2165follow1952,51,4.185,250.355,246.17
2166follow1953,51,4.045,338.305,334.26
2167follow1954,51,407.885,120.805,287.08
2168follow1955,51,406.415,248.615,157.8
2169follow1956,51,3.995,167.075,163.08
2170follow1957,51,4.485,154.295,149.81
2171follow1958,51,408.475,218.315,190.16
2172lanechanging70,51,70.385,407.475,337.09
2173follow1959,51,4.355,169.065,164.71
2174follow1960,51,69.15,393.05,323.9
2175follow1961,51,4.665,179.145,174.48
2176follow1962,51,407.695,219.745,187.95
2177lanechanging71,51,165.79,416,250.21
2178lanechanging72,51,189.995,407.685,217.69
2179follow1963,51,37.785,360.105,322.32
2180follow1964,51,407.08,126.41,280.67
2181follow1965,51,4.035,147.145,143.11
2182follow1966,51,12.78,235.34,222.56
2183cutin146,51,149.815,415.075,265.26
2184follow1967,51,5.225,200.625,195.4
2185cutin147,51,227.44,407.36,179.92
2186follow1968,51,4.24,294.91,290.67
2187follow1969,51,18.08,288.4,270.32
2188follow1970,51,407.295,229.835,177.46
2189follow1971,51,7.54,160.72,153.18
2190lanechanging73,51,235.525,-2.775,238.3
2191follow1972,51,28.175,295.205,267.03
2192follow1973,51,406.075,239.775,166.3
2193follow1974,51,7.065,164.775,157.71
2194follow1975,51,3.54,258.77,255.23
2195follow1976,51,355.055,86.565,268.49
2196cutin148,52,408.175,150.665,257.51
2197follow1977,52,406.895,47.125,359.77
2198follow1978,52,4.64,147.79,143.15
2199follow1979,52,4.98,174.18,169.2
2200follow1980,52,82.46,395.5,313.04
2201follow1981,52,406.925,99.575,307.35
2202follow1982,52,6.685,370.865,364.18
2203cutin149,52,406.465,78.225,328.24
2204follow1983,52,4.765,171.185,166.42
2205follow1984,52,50.88,292.55,241.67
2206follow1985,52,406.615,182.105,224.51
2207follow1986,52,407.835,85.285,322.55
2208follow1987,52,4.535,188.735,184.2
2209follow1988,52,115.735,392.465,276.73
2210follow1989,52,6.355,279.995,273.64
2211follow1990,52,5.565,298.055,292.49
2212follow1991,52,398.56,215.86,182.7
2213follow1992,52,5.68,184.98,179.3
2214follow1993,52,5.91,317.97,312.06
2215follow1994,52,4.385,167.535,163.15
2216follow1995,52,405.015,227.645,177.37
2217follow1996,52,4.515,152.695,148.18
2218follow1997,52,405.56,256.11,149.45
2219follow1998,52,406.065,113.335,292.73
2220follow1999,52,405.68,224.99,180.69
2221cutin150,52,189.475,405.695,216.22
2222follow2000,52,389.045,62.235,326.81
2223cutin151,52,8.44,327.74,319.3
2224follow2001,52,6.785,178.105,171.32
2225cutin152,52,115.51,414.15,298.64
2226follow2002,52,403.925,174.325,229.6
2227lanechanging74,52,113.005,405.985,292.98
2228follow2003,52,4.955,290.155,285.2
2229follow2004,53,5.87,250.19,244.32
2230follow2005,53,45.12,378.13,333.01
2231follow2006,53,408.225,140.325,267.9
2232follow2007,53,408.405,219.595,188.81
2233follow2008,53,408.33,137.16,271.17
2234follow2009,53,408.095,239.815,168.28
2235follow2010,53,374.185,43.035,331.15
2236follow2011,53,8,152.75,144.75
2237follow2012,53,408.245,214.585,193.66
2238follow2013,53,5.22,171.09,165.87
2239follow2014,53,4.145,268.375,264.23
2240follow2015,53,5.895,257.865,251.97
2241follow2016,53,3.865,163.565,159.7
2242follow2017,53,49.955,366.215,316.26
2243follow2018,53,4.685,181.475,176.79
2244follow2019,53,5.505,170.115,164.61
2245follow2020,53,4.63,266.93,262.3
2246follow2021,53,5.165,183.495,178.33
2247follow2022,53,24.915,385.185,360.27
2248follow2023,53,5.665,156.935,151.27
2249follow2024,53,408.62,152.21,256.41
2250follow2025,53,4.655,186.625,181.97
2251follow2026,53,101.325,392.705,291.38
2252follow2027,53,5.01,171.38,166.37
2253follow2028,53,5.055,157.275,152.22
2254follow2029,53,27.085,320.865,293.78
2255follow2030,53,6.845,166.605,159.76
2256follow2031,53,38.395,324.725,286.33
2257follow2032,53,6.835,162.485,155.65
2258follow2033,53,4.89,181.9,177.01
2259follow2034,53,4.955,177.015,172.06
2260follow2035,53,6.535,312.785,306.25
2261cutin153,53,222.775,407.715,184.94
2262follow2036,53,60.57,393.24,332.67
2263follow2037,53,5.345,261.105,255.76
2264follow2038,53,408.06,169.37,238.69
2265cutin154,53,350.015,18.195,331.82
2266follow2039,53,6.185,237.295,231.11
2267follow2040,53,5.095,135.645,130.55
2268follow2041,54,5.23,176.86,171.63
2269follow2042,54,336.64,70.66,265.98
2270follow2043,54,94.63,398.48,303.85
2271follow2044,54,407.82,254.33,153.49
2272follow2045,54,5.64,353.07,347.43
2273follow2046,54,4.635,169.925,165.29
2274follow2047,54,6.055,263.475,257.42
2275lanechanging75,54,311.96,14.61,297.35
2276cutin155,54,310.81,4.81,306
2277cutin156,54,213.985,409.785,195.8
2278follow2048,54,5.535,185.885,180.35
2279follow2049,54,45.99,386.8,340.81
2280follow2050,54,326.065,80.535,245.53
2281follow2051,54,373.24,116.94,256.3
2282follow2052,54,407.345,224.875,182.47
2283follow2053,54,406.47,223.3,183.17
2284follow2054,54,10.235,128.055,117.82
2285lanechanging76,54,6.555,229.475,222.92
2286follow2055,54,406.075,184.475,221.6
2287follow2056,54,6.505,137.785,131.28
2288cutin157,54,378.695,36.415,342.28
2289follow2057,54,404.38,80.23,324.15
2290follow2058,54,406.94,87.56,319.38
2291follow2059,54,408.11,67.33,340.78
2292follow2060,54,407.575,134.825,272.75
2293follow2061,54,4.305,195.305,191
2294follow2062,54,63.775,285.745,221.97
2295follow2063,54,4.68,192.73,188.05
2296follow2064,54,5.62,168.67,163.05
2297follow2065,54,8.44,332.27,323.83
2298follow2066,54,5.415,180.965,175.55
2299follow2067,54,406.435,203.715,202.72
2300follow2068,54,406.8,203.59,203.21
2301follow2069,54,371.755,35.895,335.86
2302follow2070,54,6.43,247.81,241.38
2303follow2071,54,388.82,48.06,340.76
2304lanechanging77,54,235.655,408.145,172.49
2305follow2072,54,5.11,189.9,184.79
2306follow2073,54,5.78,172.15,166.37
2307follow2074,54,4.765,150.635,145.87
2308follow2075,54,52.16,390.19,338.03
2309follow2076,54,367.755,14.155,353.6
2310follow2077,54,6.96,245.21,238.25
2311lanechanging78,54,230.565,4.505,226.06
2312cutin158,54,393.85,80.15,313.7
2313follow2078,54,408.145,236.765,171.38
2314follow2079,55,404.84,32.15,372.69
2315follow2080,55,6.2,155.54,149.34
2316follow2081,55,407.245,211.305,195.94
2317follow2082,55,407.5,213.5,194
2318cutin159,55,408.4,85.04,323.36
2319follow2083,55,391.445,60.595,330.85
2320follow2084,55,408.915,239.585,169.33
2321follow2085,55,7.23,329.68,322.45
2322follow2086,55,45.74,377.71,331.97
2323follow2087,55,408.505,246.755,161.75
2324cutin160,55,328.185,-2.555,330.74
2325follow2088,55,5.01,234.32,229.31
2326follow2089,55,407.935,235.495,172.44
2327cutin161,55,4.285,240.545,236.26
2328follow2090,55,407.96,177.82,230.14
2329follow2091,55,408.415,222.645,185.77
2330follow2092,55,403.72,181.94,221.78
2331follow2093,55,4.39,171.7,167.31
2332follow2094,55,5.835,253.925,248.09
2333follow2095,55,5.475,183.955,178.48
2334follow2096,55,5.615,159.595,153.98
2335follow2097,55,5.525,148.355,142.83
2336follow2098,55,408.795,252.315,156.48
2337follow2099,55,43.825,387.845,344.02
2338follow2100,55,405.845,251.115,154.73
2339follow2101,55,406.975,247.355,159.62
2340follow2102,55,7.06,152.66,145.6
2341follow2103,55,407.465,233.385,174.08
2342follow2104,55,4.255,165.335,161.08
2343follow2105,55,5.625,312.185,306.56
2344follow2106,55,8.32,166.14,157.82
2345follow2107,55,408.305,214.705,193.6
2346follow2108,56,3.99,178.2,174.21
2347follow2109,56,407.995,244.985,163.01
2348cutin162,56,206.095,4.055,202.04
2349follow2110,56,407.41,235.91,171.5
2350follow2111,56,40.375,305.745,265.37
2351follow2112,56,5.485,153.685,148.2
2352follow2113,56,18.305,256.285,237.98
2353follow2114,56,408.57,224.12,184.45
2354follow2115,56,7.245,174.525,167.28
2355follow2116,56,67.56,361.97,294.41
2356follow2117,56,44.595,387.515,342.92
2357follow2118,56,6.305,308.545,302.24
2358follow2119,56,70.07,358.14,288.07
2359follow2120,56,407.785,231.105,176.68
2360follow2121,56,4.345,198.395,194.05
2361follow2122,56,65.235,390.825,325.59
2362follow2123,56,66.875,219.005,152.13
2363follow2124,56,57.11,343.22,286.11
2364follow2125,56,406.865,239.105,167.76
2365follow2126,56,408.165,230.515,177.65
2366follow2127,56,129.395,390.025,260.63
2367follow2128,56,4.795,164.185,159.39
2368follow2129,56,5.435,335.275,329.84
2369follow2130,56,5.505,200.745,195.24
2370follow2131,56,407.38,222.96,184.42
2371follow2132,56,5.855,292.775,286.92
2372follow2133,56,407.16,155.16,252
2373follow2134,56,5.095,249.355,244.26
2374follow2135,56,5.405,146.025,140.62
2375follow2136,56,5.13,147.56,142.43
2376follow2137,56,5.285,241.805,236.52
2377cutin163,56,302.11,-3.85,305.96
2378follow2138,57,5.005,192.335,187.33
2379follow2139,57,4.495,171.445,166.95
2380follow2140,57,8.575,333.855,325.28
2381follow2141,57,48.215,379.945,331.73
2382cutin164,57,97.77,415.7,317.93
2383follow2142,57,407.665,253.035,154.63
2384follow2143,57,4.565,201.585,197.02
2385follow2144,57,4.27,199.64,195.37
2386follow2145,57,5.37,159.58,154.21
2387follow2146,57,8.335,134.255,125.92
2388follow2147,57,4.045,174.665,170.62
2389follow2148,57,407.415,224.345,183.07
2390follow2149,57,7.02,370.64,363.62
2391cutin165,57,69.265,408.615,339.35
2392cutin166,57,157.515,408.385,250.87
2393follow2150,57,5.375,243.505,238.13
2394follow2151,57,406.725,200.465,206.26
2395follow2152,57,5.93,193.74,187.81
2396follow2153,57,407.695,223.435,184.26
2397follow2154,57,407.67,234.57,173.1
2398follow2155,57,5.875,149.115,143.24
2399follow2156,57,4.685,201.225,196.54
2400follow2157,57,4.605,179.015,174.41
2401follow2158,57,4.745,315.935,311.19
2402follow2159,57,4.915,291.095,286.18
2403follow2160,57,5.575,182.055,176.48
2404follow2161,57,4.525,165.195,160.67
2405follow2162,57,407.21,252.69,154.52
2406follow2163,57,71.835,329.785,257.95
2407follow2164,57,304.855,16.485,288.37
2408follow2165,57,5.25,155.05,149.8
2409follow2166,58,409.38,206.87,202.51
2410lanechanging79,58,359.555,78.745,280.81
2411follow2167,58,406.44,202.07,204.37
2412follow2168,58,406.055,225.665,180.39
2413follow2169,58,50.285,373.985,323.7
2414follow2170,58,69.725,397.335,327.61
2415follow2171,58,408.465,71.715,336.75
2416follow2172,58,79.345,380.225,300.88
2417follow2173,58,408.505,128.635,279.87
2418follow2174,58,408.63,112.82,295.81
2419follow2175,58,40.765,198.215,157.45
2420follow2176,58,37.225,318.175,280.95
2421cutin167,58,357.54,64.46,293.08
2422cutin168,58,152.165,416.175,264.01
2423follow2177,58,76.245,371.835,295.59
2424follow2178,59,404.455,236.065,168.39
2425follow2179,59,341.215,173.905,167.31
2426lanechanging80,59,206.895,409.215,202.32
2427follow2180,59,90.195,386.035,295.84
2428follow2181,59,4.915,195.225,190.31
2429follow2182,59,406.77,143.68,263.09
2430follow2183,59,30.455,210.485,180.03
2431cutin169,59,409.31,161.58,247.73
2432cutin170,59,293.15,5.21,287.94
2433follow2184,59,408.56,175.75,232.81
2434follow2185,59,409.43,146.44,262.99
2435follow2186,60,361.525,97.155,264.37
2436follow2187,60,4.925,137.825,132.9
2437follow2188,60,409.04,177.83,231.21
2438cutin171,60,337.475,4.745,332.73
2439lanechanging81,60,303.345,45.695,257.65
2440follow2189,60,408.535,117.395,291.14
2441follow2190,60,409.045,63.565,345.48
2442follow2191,60,4.885,162.515,157.63
2443follow2192,60,405.51,178.84,226.67
2444follow2193,60,8.59,177.92,169.33
2445follow2194,60,6.065,216.375,210.31
2446follow2195,60,5.37,225.23,219.86
2447follow2196,60,409.42,216.78,192.64
2448follow2197,60,409.125,138.335,270.79
2449follow2198,60,6.165,168.055,161.89
2450follow2199,60,74.595,260.495,185.9
2451cutin172,60,187.915,6.905,181.01
2452follow2200,60,408.995,175.605,233.39
2453follow2201,60,409.385,234.885,174.5
2454follow2202,60,6.165,204.075,197.91
2455follow2203,60,123.86,363.23,239.37
2456cutin173,60,281.22,-0.74,281.96
2457follow2204,60,409.67,270.47,139.2
2458follow2205,60,34.71,270.24,235.53
2459follow2206,60,408.855,194.845,214.01
2460lanechanging82,60,189.845,7.755,182.09
2461follow2207,60,175.365,382.925,207.56
2462follow2208,60,408.595,234.115,174.48
2463follow2209,60,58.635,378.235,319.6
2464follow2210,60,408.975,271.535,137.44
2465follow2211,60,8.525,167.125,158.6
2466follow2212,60,6.575,198.475,191.9
2467follow2213,60,6.595,186.425,179.83
2468follow2214,60,70.605,253.905,183.3
2469cutin174,60,292.335,2.415,289.92
2470follow2215,60,328.575,148.325,180.25
2471follow2216,60,405.56,251.63,153.93
2472follow2217,60,409.795,230.595,179.2
