,x_ego,y_ego,v_ego,a_ego,yaw_ego,width_ego,length_ego,x_1,y_1,v_1,a_1,yaw_1,width_1,length_1,x_2,y_2,v_2,a_2,yaw_2,width_2,length_2,x_3,y_3,v_3,a_3,yaw_3,width_3,length_3,x_4,y_4,v_4,a_4,yaw_4,width_4,length_4,end
0.0,408.885,8.13,24.93,0,3.1525812222725267,2.02,4.85,332.28,8.39,23.04,0,3.142,2.5,16.67,327.46,4.54,32.85,0,3.142,1.82,2.93,385.99,8.17,23.06,0,3.142,2.5,8.08,407.5,4.1,32.88,0,3.142,1.82,4.35,-1
0.04,407.88786020466694,8.119042419831505,24.73,-5.0,3.1525812222725267,2.02,4.85,331.36,8.39,23.0,-1.0,3.153,2.5,16.67,326.14,4.54,33.0,3.75,3.149,1.82,2.93,385.07,8.17,23.0,-1.5,3.131,2.5,8.08,406.26,4.1,31.0,-47.0,3.142,1.82,4.35,-1
0.08,406.8987199263442,8.108172746443342,24.53,-5.0,3.1525812222725267,2.02,4.85,330.45,8.38,22.75,-6.25,3.142,2.5,16.67,324.82,4.53,33.0,0.0,3.142,1.82,2.93,384.15,8.18,23.0,0.0,3.142,2.5,8.08,405.0,4.1,31.75,18.75,3.142,1.82,4.35,-1
0.12,405.9175791650317,8.097390979835513,24.330000000000002,-5.0,3.1525812222725267,2.02,4.85,329.53,8.38,23.0,6.25,3.142,2.5,16.67,323.51,4.53,32.75,-6.25,3.142,1.82,2.93,383.23,8.18,23.0,0.0,3.142,2.5,8.08,403.7,4.1,32.25,12.5,3.142,1.82,4.35,-1
0.16,404.94443792072957,8.086697120008017,24.130000000000003,-5.0,3.1525812222725267,2.02,4.85,328.61,8.38,23.0,0.0,3.152,2.5,16.67,322.19,4.53,33.0,6.25,3.149,1.82,2.93,382.3,8.18,23.25,6.25,3.142,2.5,8.08,402.42,4.1,32.25,0.0,3.142,1.82,4.35,-1
0.2,403.9792961934377,8.076091166960854,23.930000000000003,-5.0,3.1525812222725267,2.02,4.85,327.69,8.37,23.0,0.0,3.142,2.5,16.67,320.88,4.52,33.0,0.0,3.142,1.82,2.93,381.37,8.18,23.25,0.0,3.142,2.5,8.08,401.11,4.1,32.75,12.5,3.142,1.82,4.35,-1
0.24000000000000002,403.0221539831561,8.065573120694024,23.730000000000004,-5.0,3.1525812222725267,2.02,4.85,326.77,8.37,23.0,0.0,3.142,2.5,16.67,319.56,4.52,32.75,-6.25,3.149,1.82,2.93,380.44,8.18,23.25,0.0,3.142,2.5,8.08,399.81,4.1,32.5,-6.25,3.134,1.82,4.35,-1
0.28,402.0730112898848,8.055142981207526,23.530000000000005,-5.0,3.1525812222725267,2.02,4.85,325.85,8.37,23.0,0.0,3.152,2.5,16.67,318.25,4.51,32.75,0.0,3.142,1.82,2.93,379.52,8.18,23.0,-6.25,3.131,2.5,8.08,398.49,4.11,33.0,12.5,3.142,1.82,4.35,-1
0.32,401.1318681136238,8.04480074850136,23.330000000000005,-5.0,3.1525812222725267,2.02,4.85,324.94,8.36,23.0,0.0,3.142,2.5,16.67,316.94,4.51,32.75,0.0,3.149,1.82,2.93,378.61,8.19,22.75,-6.25,3.142,2.5,8.08,397.18,4.11,32.75,-6.25,3.142,1.82,4.35,-1
0.36,400.19872445437306,8.034546422575529,23.130000000000006,-5.0,3.1525812222725267,2.02,4.85,324.0,8.36,23.25,6.25,3.142,2.5,16.67,315.64,4.5,32.5,-6.25,3.142,1.82,2.93,377.68,8.19,23.25,12.5,3.142,2.5,8.08,395.86,4.11,33.0,6.25,3.142,1.82,4.35,-1
0.39999999999999997,399.27358031213265,8.02438000343003,22.930000000000007,-5.0,3.1525812222725267,2.02,4.85,323.07,8.36,23.25,0.0,3.152,2.5,16.67,314.33,4.5,32.75,6.25,3.149,1.82,2.93,376.76,8.19,23.0,-6.25,3.142,2.5,8.08,394.54,4.11,33.0,0.0,3.142,1.82,4.35,-1
0.43999999999999995,398.3564356869025,8.014301491064865,22.730326189613034,-4.991845259674282,3.1525812222725267,2.02,4.85,322.14,8.35,23.25,0.0,3.142,2.5,16.67,313.02,4.49,32.75,0.0,3.142,1.82,2.93,375.83,8.19,23.25,6.25,3.142,2.5,8.08,393.2,4.11,33.25,6.25,3.142,1.82,4.35,-1
0.4799999999999999,397.4472775318859,8.004310742108638,22.531126363306544,-4.979995657662242,3.1525812222725267,2.02,4.85,321.21,8.35,23.25,0.0,3.142,2.5,16.67,311.71,4.49,32.75,0.0,3.149,1.82,2.93,374.91,8.19,23.0,-6.25,3.131,2.5,8.08,391.88,4.11,33.0,-6.25,3.142,1.82,4.35,-1
0.5199999999999999,396.54608688886424,7.994407548229279,22.35572183775254,-4.38511313885007,3.1525812222725267,2.02,4.85,320.29,8.35,23.0,-6.25,3.152,2.5,16.67,310.42,4.48,32.25,-12.5,3.149,1.82,2.93,373.99,8.2,23.0,0.0,3.142,2.5,8.08,390.56,4.11,33.0,0.0,3.142,1.82,4.35,-1
0.5599999999999999,395.65191200327183,7.984581450585406,22.200399483456227,-3.883058857407857,3.1525812222725267,2.02,4.85,319.38,8.34,23.0,0.0,3.142,2.5,16.67,309.13,4.47,32.25,0.0,3.142,1.82,2.93,373.07,8.2,23.0,0.0,3.142,2.5,8.08,389.25,4.11,33.0,0.0,3.134,1.82,4.35,-1
0.6,394.76394963675574,7.974823622381932,22.101799382951352,-2.465002512621902,3.1525812222725267,2.02,4.85,318.45,8.34,23.0,0.0,3.142,2.5,16.67,307.79,4.47,33.5,31.25,3.149,1.82,2.93,372.13,8.2,23.5,12.5,3.142,2.5,8.08,387.91,4.12,33.5,12.5,3.142,1.82,4.35,-1
0.64,393.8799310361457,7.965109132265339,21.974951940417835,-3.1711860633379,3.1525812222725267,2.02,4.85,317.54,8.34,22.75,-6.25,3.152,2.5,16.67,306.47,4.46,33.0,-12.5,3.142,1.82,2.93,371.21,8.2,23.0,-12.5,3.131,2.5,8.08,386.59,4.12,33.0,-12.5,3.142,1.82,4.35,-1
0.68,393.00098602690696,7.955450395900078,21.880137809643855,-2.370353269349453,3.1525812222725267,2.02,4.85,316.62,8.33,23.0,6.25,3.142,2.5,16.67,305.14,4.46,33.25,6.25,3.149,1.82,2.93,370.28,8.21,23.25,6.25,3.142,2.5,8.08,385.26,4.12,33.0,0.0,3.142,1.82,4.35,-1
0.7200000000000001,392.12583335392793,7.945833333559649,21.79473610353446,-2.13504265273488,3.1525812222725267,2.02,4.85,315.7,8.33,23.0,0.0,3.142,2.5,16.67,303.83,4.45,32.75,-12.5,3.149,1.82,2.93,369.35,8.21,23.25,0.0,3.142,2.5,8.08,383.95,4.12,32.75,-6.25,3.142,1.82,4.35,-1
0.7600000000000001,391.25409654295254,7.936253808164315,21.700061757058307,-2.366858661903884,3.1525812222725267,2.02,4.85,314.78,8.33,23.0,0.0,3.142,2.5,16.67,302.51,4.44,33.0,6.25,3.142,1.82,2.93,368.43,8.21,23.0,-6.25,3.142,2.5,8.08,382.65,4.12,32.75,0.0,3.142,1.82,4.35,-1
0.8000000000000002,390.38614647720254,7.926715895353875,21.614638578199862,-2.1355794714611163,3.1525812222725267,2.02,4.85,313.86,8.33,23.0,0.0,3.153,2.5,16.67,301.19,4.44,33.0,0.0,3.149,1.82,2.93,367.51,8.21,23.0,0.0,3.142,2.5,8.08,381.34,4.12,32.75,0.0,3.142,1.82,4.35,-1
0.8400000000000002,389.5216131323143,7.917215528926532,21.520052361944497,-2.3646554063841383,3.1525812222725267,2.02,4.85,312.95,8.32,22.75,-6.25,3.142,2.5,16.67,299.89,4.43,32.5,-12.5,3.142,1.82,2.93,366.6,8.21,22.75,-6.25,3.131,2.5,8.08,380.04,4.12,32.5,-6.25,3.142,1.82,4.35,-1
0.8800000000000002,388.66086300765545,7.907756736347863,21.451360850100162,-1.7172877961083897,3.1525812222725267,2.02,4.85,312.03,8.32,23.0,6.25,3.142,2.5,16.67,298.57,4.43,33.0,12.5,3.149,1.82,2.93,365.68,8.22,23.0,6.25,3.142,2.5,8.08,378.73,4.12,32.75,6.25,3.142,1.82,4.35,-1
0.9200000000000003,387.8028603775839,7.898328136017406,21.389110790653785,-1.5562514861594159,3.1525812222725267,2.02,4.85,311.12,8.32,22.75,-6.25,3.142,2.5,16.67,297.27,4.42,32.5,-12.5,3.142,1.82,2.93,364.76,8.22,23.0,0.0,3.142,2.5,8.08,377.43,4.12,32.5,-6.25,3.142,1.82,4.35,-1
0.9600000000000003,386.94734759955946,7.8889268966984565,21.332655671232384,-1.4113779855349726,3.1525812222725267,2.02,4.85,310.2,8.32,23.0,6.25,3.152,2.5,16.67,295.96,4.42,32.75,6.25,3.149,1.82,2.93,363.84,8.22,23.0,0.0,3.142,2.5,8.08,376.11,4.12,33.0,12.5,3.134,1.82,4.35,-1
1.0000000000000002,386.0940928899757,7.8795504713184155,21.29608320288333,-0.9143117087263495,3.1525812222725267,2.02,4.85,309.28,8.31,23.0,0.0,3.142,2.5,16.67,294.65,4.41,32.75,0.0,3.149,1.82,2.93,362.91,8.22,23.25,6.25,3.142,2.5,8.08,374.79,4.13,33.0,0.0,3.142,1.82,4.35,-1
1.0400000000000003,385.24230099080523,7.870190120778081,21.276553487471816,-0.4882428852878436,3.1525812222725267,2.02,4.85,308.36,8.31,23.0,0.0,3.142,2.5,16.67,293.35,4.4,32.5,-6.25,3.142,1.82,2.93,361.97,8.22,23.5,6.25,3.131,2.5,8.08,373.47,4.13,33.0,0.0,3.142,1.82,4.35,-1
1.0800000000000003,384.391290233088,7.8608383542097595,21.246011376500427,-0.7635527742847337,3.1525812222725267,2.02,4.85,307.45,8.31,22.75,-6.25,3.142,2.5,16.67,292.02,4.4,33.25,18.75,3.149,1.82,2.93,361.04,8.23,23.25,-6.25,3.142,2.5,8.08,372.13,4.13,33.25,6.25,3.142,1.82,4.35,-1
1.1200000000000003,383.541501086052,7.851500011934639,21.20465895030621,-1.0338106548553616,3.1525812222725267,2.02,4.85,306.53,8.31,23.0,6.25,3.142,2.5,16.67,290.72,4.39,32.5,-18.75,3.142,1.82,2.93,360.12,8.23,23.0,-6.25,3.142,2.5,8.08,370.81,4.13,33.0,-6.25,3.142,1.82,4.35,-1
1.1600000000000004,382.69336593619977,7.842179845452747,21.18066353488181,-0.5998853856100216,3.1525812222725267,2.02,4.85,305.61,8.31,23.0,0.0,3.152,2.5,16.67,289.4,4.39,33.0,12.5,3.142,1.82,2.93,359.19,8.23,23.25,6.25,3.142,2.5,8.08,369.5,4.13,33.0,0.0,3.142,1.82,4.35,-1
1.2000000000000004,381.84619054501684,7.832870225769418,21.15917022409052,-0.5373327697822543,3.1525812222725267,2.02,4.85,304.69,8.3,23.25,6.25,3.142,2.5,16.67,288.08,4.39,33.0,0.0,3.149,1.82,2.93,358.26,8.23,23.25,0.0,3.131,2.5,8.08,368.18,4.13,33.0,0.0,3.142,1.82,4.35,-1
1.2400000000000004,380.9998748343603,7.823570053124841,21.113035672299816,-1.1533637947676183,3.1525812222725267,2.02,4.85,303.76,8.3,23.0,-6.25,3.142,2.5,16.67,286.78,4.38,32.5,-12.5,3.142,1.82,2.93,357.35,8.24,22.75,-12.5,3.142,2.5,8.08,366.87,4.13,32.75,-6.25,3.142,1.82,4.35,-1
1.2800000000000005,380.15540439436285,7.814290158179814,21.084571215528165,-0.7116114192912452,3.1525812222725267,2.02,4.85,302.83,8.3,23.25,6.25,3.142,2.5,16.67,285.47,4.38,32.75,6.25,3.142,1.82,2.93,356.43,8.24,23.0,6.25,3.142,2.5,8.08,365.56,4.13,32.75,0.0,3.142,1.82,4.35,-1
1.3200000000000005,379.3120724638961,7.80502277432853,21.058853884942707,-0.6429332646364835,3.1525812222725267,2.02,4.85,301.91,8.3,23.0,-6.25,3.142,2.5,16.67,284.16,4.38,32.75,0.0,3.149,1.82,2.93,355.51,8.24,23.0,0.0,3.142,2.5,8.08,364.24,4.13,33.0,6.25,3.142,1.82,4.35,-1
1.3600000000000005,378.4697691645467,7.795766694115899,21.047997452951133,-0.27141079978934907,3.1525812222725267,2.02,4.85,300.98,8.3,23.25,6.25,3.152,2.5,16.67,282.85,4.37,32.75,0.0,3.142,1.82,2.93,354.58,8.24,23.25,6.25,3.142,2.5,8.08,362.93,4.13,32.75,-6.25,3.142,1.82,4.35,-1
1.4000000000000006,377.6279000962592,7.78651538567318,21.03868496987337,-0.2328120769440988,3.1525812222725267,2.02,4.85,300.06,8.29,23.0,-6.25,3.142,2.5,16.67,281.56,4.37,32.25,-12.5,3.142,1.82,2.93,353.65,8.24,23.25,0.0,3.131,2.5,8.08,361.62,4.13,32.75,0.0,3.142,1.82,4.35,-1
1.4400000000000006,376.7864035048057,7.777268170382483,21.01880685172546,-0.4969529536976864,3.1525812222725267,2.02,4.85,299.15,8.29,22.75,-6.25,3.142,2.5,16.67,280.28,4.37,32.0,-6.25,3.142,1.82,2.93,352.73,8.25,23.0,-6.25,3.142,2.5,8.08,360.31,4.13,32.5,-6.25,3.142,1.82,4.35,-1
1.4800000000000006,375.9457019900735,7.7680296921986125,21.01281863048267,-0.14970553106979098,3.1525812222725267,2.02,4.85,298.23,8.29,23.0,6.25,3.142,2.5,16.67,278.94,4.37,33.5,37.5,3.142,1.82,2.93,351.8,8.25,23.25,6.25,3.142,2.5,8.08,359.0,4.13,33.0,12.5,3.134,1.82,4.35,-1
1.5200000000000007,375.1052399897297,7.758793846040989,20.996371016191176,-0.4111903572873119,3.1525812222725267,2.02,4.85,297.31,8.29,23.25,6.25,3.142,2.5,16.67,277.62,4.37,33.0,-12.5,3.149,1.82,2.93,350.88,8.25,23.0,-6.25,3.142,2.5,8.08,357.69,4.14,32.75,-6.25,3.142,1.82,4.35,-1
1.5600000000000007,374.2654358542374,7.749565229167448,20.993245623600007,-0.07813481477925188,3.1525812222725267,2.02,4.85,296.38,8.29,23.0,-6.25,3.142,2.5,16.67,276.29,4.36,33.25,6.25,3.142,1.82,2.93,349.95,8.25,23.25,6.25,3.131,2.5,8.08,356.37,4.14,33.0,6.25,3.142,1.82,4.35,-1
1.6000000000000008,373.42575672690117,7.740337986009907,20.96767876768182,-0.639171397954681,3.1525812222725267,2.02,4.85,295.47,8.29,22.75,-6.25,3.142,2.5,16.67,274.98,4.36,32.75,-12.5,3.142,1.82,2.93,349.04,8.26,22.75,-12.5,3.142,2.5,8.08,355.06,4.14,32.75,-6.25,3.142,1.82,4.35,-1
1.6400000000000008,372.587100212059,7.731121980352301,20.95637860496471,-0.2825040679278658,3.1525812222725267,2.02,4.85,294.56,8.29,23.0,6.25,3.152,2.5,16.67,273.67,4.36,32.75,0.0,3.142,1.82,2.93,348.12,8.26,23.0,6.25,3.142,2.5,8.08,353.75,4.14,32.75,0.0,3.142,1.82,4.35,-1
1.6800000000000008,371.7488956764362,7.721910941499303,20.93479544937377,-0.5395788897734293,3.1525812222725267,2.02,4.85,293.62,8.28,23.25,6.25,3.142,2.5,16.67,272.35,4.36,33.0,6.25,3.142,1.82,2.93,347.21,8.26,22.75,-6.25,3.142,2.5,8.08,352.44,4.14,32.75,0.0,3.142,1.82,4.35,-1
1.7200000000000009,370.9115544149148,7.712709389174893,20.926855844465358,-0.19849012271026203,3.1525812222725267,2.02,4.85,292.7,8.28,23.0,-6.25,3.142,2.5,16.67,271.04,4.36,32.75,-6.25,3.142,1.82,2.93,346.29,8.26,23.0,6.25,3.142,2.5,8.08,351.13,4.14,32.5,-6.25,3.142,1.82,4.35,-1
1.760000000000001,370.07453071841604,7.703511326576005,20.920158402672644,-0.16743604481784213,3.1525812222725267,2.02,4.85,291.78,8.28,23.0,0.0,3.142,2.5,16.67,269.73,4.36,32.75,0.0,3.142,1.82,2.93,345.37,8.26,23.0,0.0,3.131,2.5,8.08,349.81,4.14,33.0,12.5,3.142,1.82,4.35,-1
1.800000000000001,369.237774903415,7.69431620772984,20.925240560349923,0.1270539419319622,3.1525812222725267,2.02,4.85,290.86,8.28,23.0,0.0,3.142,2.5,16.67,268.42,4.36,32.75,0.0,3.142,1.82,2.93,344.44,8.27,23.25,6.25,3.142,2.5,8.08,348.5,4.14,32.75,-6.25,3.142,1.82,4.35,-1
1.840000000000001,368.40081581438005,7.685118855103082,20.930857944921463,0.14043461428852919,3.1525812222725267,2.02,4.85,289.94,8.28,23.0,0.0,3.142,2.5,16.67,267.1,4.36,33.0,6.25,3.134,1.82,2.93,343.51,8.27,23.25,0.0,3.142,2.5,8.08,347.19,4.14,32.75,0.0,3.142,1.82,4.35,-1
1.880000000000001,367.5636320435279,7.675919033445366,20.93697559606336,0.1529412785474067,3.1525812222725267,2.02,4.85,289.02,8.28,23.0,0.0,3.142,2.5,16.67,265.79,4.37,32.75,-6.25,3.142,1.82,2.93,342.58,8.27,23.25,0.0,3.142,2.5,8.08,345.88,4.14,32.75,0.0,3.142,1.82,4.35,-1
1.920000000000001,366.72620358140387,7.666716522872575,20.943560843041915,0.16463117446392425,3.1525812222725267,2.02,4.85,288.1,8.28,23.0,0.0,3.142,2.5,16.67,264.48,4.37,32.75,0.0,3.142,1.82,2.93,341.65,8.27,23.25,0.0,3.142,2.5,8.08,344.57,4.14,32.75,0.0,3.142,1.82,4.35,-1
1.960000000000001,365.8885117253037,7.657511117860485,20.940299944556,-0.0815224621479344,3.1525812222725267,2.02,4.85,287.19,8.28,23.0,0.0,3.142,2.5,16.67,263.17,4.37,32.75,0.0,3.142,1.82,2.93,340.73,8.27,23.0,-6.25,3.142,2.5,8.08,343.26,4.14,32.75,0.0,3.142,1.82,4.35,-1
2.000000000000001,365.0509502972681,7.64830714612383,20.957663462939696,0.43408795959243734,3.1525812222725267,2.02,4.85,286.25,8.28,23.25,6.25,3.142,2.5,16.67,261.85,4.37,33.0,6.25,3.142,1.82,2.93,339.79,8.27,23.5,12.5,3.142,2.5,8.08,341.94,4.14,33.0,6.25,3.134,1.82,4.35,-1
2.040000000000001,364.2126943704292,7.639095542532194,20.95536399159515,-0.05748678361363256,3.1525812222725267,2.02,4.85,285.33,8.28,23.0,-6.25,3.142,2.5,16.67,260.54,4.37,32.75,-6.25,3.142,1.82,2.93,338.87,8.27,23.0,-12.5,3.142,2.5,8.08,340.63,4.15,32.75,-6.25,3.142,1.82,4.35,-1
2.080000000000001,363.37453041689093,7.6298849496361685,20.963944720319404,0.21451821810632973,3.1525812222725267,2.02,4.85,284.4,8.28,23.25,6.25,3.142,2.5,16.67,259.23,4.37,32.75,0.0,3.142,1.82,2.93,337.94,8.27,23.25,6.25,3.131,2.5,8.08,339.31,4.15,33.0,6.25,3.142,1.82,4.35,-1
2.120000000000001,362.53602325492574,7.620670585218969,20.97284019920567,0.2223869721566734,3.1525812222725267,2.02,4.85,283.48,8.28,23.0,-6.25,3.142,2.5,16.67,257.92,4.37,32.75,0.0,3.142,1.82,2.93,337.01,8.28,23.25,0.0,3.142,2.5,8.08,338.0,4.15,33.0,0.0,3.142,1.82,4.35,-1
2.160000000000001,361.6971602952872,7.611452310937227,20.98202922704831,0.2297256960660622,3.1525812222725267,2.02,4.85,282.57,8.28,22.75,-6.25,3.142,2.5,16.67,256.6,4.37,33.0,6.25,3.134,1.82,2.93,336.08,8.28,23.25,0.0,3.142,2.5,8.08,336.68,4.15,33.0,0.0,3.142,1.82,4.35,-1
2.200000000000001,360.85792979672595,7.602229997766225,20.98165123673697,-0.009449757783538045,3.1525812222725267,2.02,4.85,281.65,8.28,23.0,6.25,3.142,2.5,16.67,255.3,4.38,32.75,-6.25,3.142,1.82,2.93,335.16,8.28,23.0,-6.25,3.142,2.5,8.08,335.37,4.15,32.75,-6.25,3.142,1.82,4.35,-1
2.240000000000001,360.0187144168644,7.593007850734779,20.98198271512084,0.008286959596792728,3.1525812222725267,2.02,4.85,280.75,8.28,22.75,-6.25,3.142,2.5,16.67,253.99,4.38,32.75,0.0,3.142,1.82,2.93,334.24,8.28,23.0,0.0,3.142,2.5,8.08,334.05,4.15,33.0,6.25,3.142,1.82,4.35,-1
2.280000000000001,359.1794857786679,7.583785558007345,20.99265716650728,0.2668612846610075,3.1525812222725267,2.02,4.85,279.83,8.28,22.75,0.0,3.152,2.5,16.67,252.68,4.38,32.75,0.0,3.142,1.82,2.93,333.31,8.28,23.25,6.25,3.131,2.5,8.08,332.73,4.15,33.0,0.0,3.142,1.82,4.35,-1
2.320000000000001,358.3398301881943,7.574558573496645,21.0035223151576,0.2716287162580419,3.1525812222725267,2.02,4.85,278.91,8.27,23.0,6.25,3.142,2.5,16.67,251.35,4.38,33.0,6.25,3.142,1.82,2.93,332.38,8.29,23.25,0.0,3.142,2.5,8.08,331.41,4.15,33.0,0.0,3.142,1.82,4.35,-1
2.360000000000001,357.4997400180134,7.565326813384767,21.014563962212687,0.27604117637719694,3.1525812222725267,2.02,4.85,277.98,8.27,23.25,6.25,3.142,2.5,16.67,250.03,4.38,33.0,0.0,3.134,1.82,2.93,331.45,8.29,23.25,0.0,3.142,2.5,8.08,330.1,4.15,32.75,-6.25,3.142,1.82,4.35,-1
2.4000000000000012,356.6592082086153,7.556090200094679,21.02576871455074,0.280118808451269,3.1525812222725267,2.02,4.85,277.06,8.27,23.0,-6.25,3.142,2.5,16.67,248.72,4.39,33.0,0.0,3.142,1.82,2.93,330.52,8.29,23.25,0.0,3.131,2.5,8.08,328.79,4.15,32.75,0.0,3.142,1.82,4.35,-1
2.4400000000000013,355.8182282361826,7.546848661936078,21.03712393314918,0.2838804649610153,3.1525812222725267,2.02,4.85,276.13,8.27,23.25,6.25,3.142,2.5,16.67,247.41,4.39,32.75,-6.25,3.142,1.82,2.93,329.59,8.3,23.25,0.0,3.142,2.5,8.08,327.47,4.15,33.0,6.25,3.134,1.82,4.35,-1
2.4800000000000013,354.9767940824282,7.537602132773943,21.039199871476058,0.051898458171932484,3.1525812222725267,2.02,4.85,275.2,8.27,23.25,0.0,3.142,2.5,16.67,246.09,4.39,32.75,0.0,3.142,1.82,2.93,328.67,8.3,23.0,-6.25,3.142,2.5,8.08,326.16,4.16,32.75,-6.25,3.142,1.82,4.35,-1
2.5200000000000014,354.13527689615404,7.528354691166534,21.04181059763067,0.06526815386528045,3.1525812222725267,2.02,4.85,274.28,8.27,23.0,-6.25,3.142,2.5,16.67,244.78,4.39,32.75,0.0,3.142,1.82,2.93,327.75,8.3,23.0,0.0,3.131,2.5,8.08,324.85,4.16,32.75,0.0,3.142,1.82,4.35,-1
2.5600000000000014,353.29365528713845,7.5191061020564725,21.054209323966745,0.30996815840187625,3.1525812222725267,2.02,4.85,273.34,8.27,23.5,12.5,3.152,2.5,16.67,243.47,4.39,32.75,0.0,3.142,1.82,2.93,326.82,8.31,23.25,6.25,3.142,2.5,8.08,323.55,4.16,32.5,-6.25,3.142,1.82,4.35,-1
2.6000000000000014,352.4515377590117,7.509852063285849,21.06668880575383,0.3119870446771714,3.1525812222725267,2.02,4.85,272.42,8.26,23.0,-12.5,3.142,2.5,16.67,242.18,4.39,32.5,-6.25,3.134,1.82,2.93,325.89,8.31,23.25,0.0,3.131,2.5,8.08,322.24,4.16,32.75,6.25,3.142,1.82,4.35,-1
2.6400000000000015,351.6089210817508,7.500592539359905,21.079240687218043,0.31379703660529246,3.1525812222725267,2.02,4.85,271.5,8.26,23.0,0.0,3.142,2.5,16.67,240.87,4.4,32.75,6.25,3.142,1.82,2.93,324.96,8.32,23.25,0.0,3.142,2.5,8.08,320.93,4.16,32.75,0.0,3.142,1.82,4.35,-1
2.6800000000000015,350.76580235954344,7.491327498456529,21.100448486737708,0.5301949879916693,3.1525812222725267,2.02,4.85,270.59,8.26,22.75,-6.25,3.142,2.5,16.67,239.56,4.4,32.5,-6.25,3.142,1.82,2.93,324.02,8.32,23.5,6.25,3.142,2.5,8.08,319.62,4.16,32.75,0.0,3.142,1.82,4.35,-1
2.7200000000000015,349.92183537657104,7.482053136006283,21.11282404200601,0.3093888817076,3.1525812222725267,2.02,4.85,269.69,8.26,22.75,0.0,3.153,2.5,16.67,238.25,4.4,32.75,6.25,3.142,1.82,2.93,323.09,8.32,23.25,-6.25,3.131,2.5,8.08,318.31,4.16,32.75,0.0,3.142,1.82,4.35,-1
2.7600000000000016,349.07737340127426,7.472773334079945,21.116162576648346,0.08346336605834183,3.1525812222725267,2.02,4.85,268.77,8.25,22.75,0.0,3.142,2.5,16.67,236.94,4.4,33.0,6.25,3.142,1.82,2.93,322.17,8.33,23.0,-6.25,3.142,2.5,8.08,317.0,4.16,32.75,0.0,3.142,1.82,4.35,-1
2.8000000000000016,348.23277789265416,7.46349206475445,21.13745627021444,0.5323423391523329,3.1525812222725267,2.02,4.85,267.85,8.25,23.0,6.25,3.142,2.5,16.67,235.62,4.4,32.75,-6.25,3.142,1.82,2.93,321.23,8.33,23.5,12.5,3.131,2.5,8.08,315.69,4.16,32.75,0.0,3.142,1.82,4.35,-1
2.8400000000000016,347.3873306877146,7.454201436128741,21.150009206748347,0.3138234133476697,3.1525812222725267,2.02,4.85,266.92,8.25,23.25,6.25,3.152,2.5,16.67,234.31,4.4,33.0,6.25,3.142,1.82,2.93,320.3,8.34,23.25,-6.25,3.142,2.5,8.08,314.37,4.16,33.0,6.25,3.134,1.82,4.35,-1
2.8800000000000017,346.5413813956284,7.44490529006186,21.16260232369668,0.314827923708402,3.1525812222725267,2.02,4.85,266.0,8.24,23.0,-6.25,3.142,2.5,16.67,232.99,4.4,33.0,0.0,3.142,1.82,2.93,319.37,8.34,23.25,0.0,3.131,2.5,8.08,313.06,4.17,32.75,-6.25,3.142,1.82,4.35,-1
2.9200000000000017,345.694928409276,7.435603608893152,21.17522954826145,0.3156806141191951,3.1525812222725267,2.02,4.85,265.09,8.24,22.75,-6.25,3.142,2.5,16.67,231.68,4.4,32.75,-6.25,3.134,1.82,2.93,318.44,8.35,23.25,0.0,3.131,2.5,8.08,311.74,4.17,33.0,6.25,3.142,1.82,4.35,-1
2.9600000000000017,344.84797036443507,7.426296377631164,21.169513118754338,-0.14291073767771942,3.1525812222725267,2.02,4.85,264.18,8.24,23.0,6.25,3.152,2.5,16.67,230.38,4.41,32.5,-6.25,3.142,1.82,2.93,317.53,8.36,22.75,-12.5,3.142,2.5,8.08,310.43,4.17,32.75,-6.25,3.142,1.82,4.35,-1
3.0000000000000018,344.0012409629696,7.416991658933742,21.173978517610074,0.11163497139342116,3.1525812222725267,2.02,4.85,263.25,8.23,23.0,0.0,3.142,2.5,16.67,229.06,4.41,32.75,6.25,3.142,1.82,2.93,316.61,8.36,23.0,6.25,3.131,2.5,8.08,309.11,4.17,33.0,6.25,3.142,1.82,4.35,-1
3.040000000000002,343.1543329563335,7.407684977542137,21.178787544762837,0.12022567881908577,3.1525812222725267,2.02,4.85,262.33,8.23,23.0,0.0,3.142,2.5,16.67,227.75,4.41,32.75,0.0,3.142,1.82,2.93,315.69,8.37,23.0,0.0,3.131,2.5,8.08,307.8,4.17,32.75,-6.25,3.142,1.82,4.35,-1
3.080000000000002,342.30723260022495,7.398376182420065,21.200889235642435,0.5525422719899604,3.1525812222725267,2.02,4.85,261.42,8.23,23.0,0.0,3.152,2.5,16.67,226.44,4.41,32.75,0.0,3.142,1.82,2.93,314.75,8.38,23.5,12.5,3.142,2.5,8.08,306.49,4.17,32.75,0.0,3.142,1.82,4.35,-1
3.120000000000002,341.45924822985563,7.389057672855567,21.214465003921894,0.3393942069864668,3.1525812222725267,2.02,4.85,260.49,8.22,23.25,6.25,3.142,2.5,16.67,225.15,4.41,32.5,-6.25,3.142,1.82,2.93,313.82,8.38,23.25,-6.25,3.131,2.5,8.08,305.18,4.17,32.75,0.0,3.142,1.82,4.35,-1
3.160000000000002,340.6107208615399,7.379733196280669,21.219306136996526,0.12102832686576308,3.1525812222725267,2.02,4.85,259.56,8.22,23.0,-6.25,3.152,2.5,16.67,223.84,4.41,32.75,6.25,3.142,1.82,2.93,312.9,8.39,23.0,-6.25,3.131,2.5,8.08,303.87,4.17,32.75,0.0,3.134,1.82,4.35,-1
3.200000000000002,339.76199985959227,7.370406591863662,21.241259456213314,0.5488329804196821,3.1525812222725267,2.02,4.85,258.64,8.21,23.0,0.0,3.142,2.5,16.67,222.53,4.41,32.75,0.0,3.142,1.82,2.93,311.96,8.4,23.5,12.5,3.142,2.5,8.08,302.56,4.18,32.5,-6.25,3.142,1.82,4.35,-1
3.240000000000002,338.9124007778921,7.361070338218606,21.262893985337772,0.5408632281114829,3.1525812222725267,2.02,4.85,257.72,8.21,23.0,0.0,3.142,2.5,16.67,221.22,4.41,32.75,0.0,3.142,1.82,2.93,311.02,8.4,23.5,0.0,3.131,2.5,8.08,301.25,4.18,32.75,6.25,3.142,1.82,4.35,-1
3.280000000000002,338.06193636727323,7.351724575464552,21.27609046722378,0.32991204715020434,3.1525812222725267,2.02,4.85,256.81,8.21,23.0,0.0,3.152,2.5,16.67,219.91,4.41,32.75,0.0,3.134,1.82,2.93,310.09,8.41,23.25,-6.25,3.131,2.5,8.08,299.94,4.18,32.75,0.0,3.142,1.82,4.35,-1
3.320000000000002,337.21094412924776,7.342373012409327,21.289257981939162,0.3291878678844863,3.1525812222725267,2.02,4.85,255.89,8.2,23.0,0.0,3.142,2.5,16.67,218.6,4.42,32.5,-6.25,3.142,1.82,2.93,309.16,8.42,23.25,0.0,3.131,2.5,8.08,298.65,4.18,32.5,-6.25,3.142,1.82,4.35,-1
3.360000000000002,336.35942522243255,7.333015661784985,21.302393857142295,0.32839688007836415,3.1525812222725267,2.02,4.85,254.97,8.2,23.0,0.0,3.152,2.5,16.67,217.28,4.42,33.0,12.5,3.142,1.82,2.93,308.23,8.43,23.25,0.0,3.142,2.5,8.08,297.34,4.18,32.75,6.25,3.142,1.82,4.35,-1
3.400000000000002,335.50738091233166,7.323652537498162,21.31549556705426,0.3275427477991586,3.1525812222725267,2.02,4.85,254.03,8.19,23.25,6.25,3.142,2.5,16.67,215.97,4.42,32.75,-6.25,3.142,1.82,2.93,307.3,8.43,23.25,0.0,3.131,2.5,8.08,296.03,4.18,32.75,0.0,3.142,1.82,4.35,-1
3.440000000000002,334.65481256547423,7.314283654565663,21.33659620507305,0.5275159504697305,3.1525812222725267,2.02,4.85,253.11,8.19,23.25,0.0,3.142,2.5,16.67,214.66,4.42,32.75,0.0,3.142,1.82,2.93,306.36,8.44,23.5,6.25,3.131,2.5,8.08,294.72,4.18,32.75,0.0,3.142,1.82,4.35,-1
3.480000000000002,333.801400244053,7.3049054971874074,21.34936179287841,0.31913969513398033,3.1525812222725267,2.02,4.85,252.18,8.19,23.25,0.0,3.153,2.5,16.67,213.37,4.42,32.5,-6.25,3.142,1.82,2.93,305.43,8.45,23.25,-6.25,3.142,2.5,8.08,293.42,4.18,32.5,-6.25,3.142,1.82,4.35,-1
3.5200000000000022,332.94747732994784,7.295521728900537,21.36209542224731,0.3183407342226073,3.1525812222725267,2.02,4.85,251.27,8.18,22.75,-12.5,3.142,2.5,16.67,212.06,4.42,32.75,6.25,3.142,1.82,2.93,304.5,8.45,23.25,0.0,3.131,2.5,8.08,292.12,4.18,32.5,0.0,3.142,1.82,4.35,-1
3.5600000000000023,332.09304510141897,7.286132363751868,21.37479474553894,0.3174830822907287,3.1525812222725267,2.02,4.85,250.34,8.18,23.0,6.25,3.152,2.5,16.67,210.75,4.42,32.5,-6.25,3.142,1.82,2.93,303.57,8.46,23.25,0.0,3.142,2.5,8.08,290.81,4.18,32.75,6.25,3.142,1.82,4.35,-1
3.6000000000000023,331.23810493062666,7.276737416820084,21.387457543430752,0.31656994729538157,3.1525812222725267,2.02,4.85,249.43,8.17,23.0,0.0,3.142,2.5,16.67,209.44,4.42,32.75,6.25,3.142,1.82,2.93,302.64,8.46,23.25,0.0,3.131,2.5,8.08,289.5,4.18,32.5,-6.25,3.142,1.82,4.35,-1
3.6400000000000023,330.38265827849864,7.267336904159337,21.39165112770586,0.10483960687769044,3.1525812222725267,2.02,4.85,248.52,8.17,22.75,-6.25,3.152,2.5,16.67,208.13,4.42,32.75,0.0,3.142,1.82,2.93,301.72,8.47,23.0,-6.25,3.131,2.5,8.08,288.19,4.18,32.75,6.25,3.142,1.82,4.35,-1
3.6800000000000024,329.5270438931269,7.257934548276132,21.404508722517512,0.32143987029131044,3.1525812222725267,2.02,4.85,247.59,8.16,23.0,6.25,3.152,2.5,16.67,206.83,4.42,32.75,0.0,3.142,1.82,2.93,300.79,8.48,23.25,6.25,3.142,2.5,8.08,286.88,4.18,32.75,0.0,3.142,1.82,4.35,-1
3.7200000000000024,328.6709152350132,7.248526541044113,21.417314541953907,0.3201454859098553,3.1525812222725267,2.02,4.85,246.68,8.15,23.0,0.0,3.142,2.5,16.67,205.5,4.42,33.0,6.25,3.142,1.82,2.93,299.86,8.48,23.25,0.0,3.131,2.5,8.08,285.57,4.18,32.75,0.0,3.142,1.82,4.35,-1
3.7600000000000025,327.8142743750474,7.2391129052203125,21.437938747825367,0.5156051467865129,3.1525812222725267,2.02,4.85,245.75,8.15,23.25,6.25,3.152,2.5,16.67,204.19,4.42,32.75,-6.25,3.142,1.82,2.93,298.92,8.49,23.5,6.25,3.131,2.5,8.08,284.26,4.18,32.75,0.0,3.134,1.82,4.35,-1
3.8000000000000025,326.9568085966531,7.229690204358837,21.4420437692653,0.10262553599837096,3.1525812222725267,2.02,4.85,244.83,8.14,23.0,-6.25,3.142,2.5,16.67,202.88,4.42,32.75,0.0,3.142,1.82,2.93,298.0,8.5,23.0,-12.5,3.142,2.5,8.08,282.95,4.19,32.75,0.0,3.142,1.82,4.35,-1
3.8400000000000025,326.09917862731464,7.2202656992012715,21.462546404445145,0.5125658794960928,3.1525812222725267,2.02,4.85,243.9,8.14,23.25,6.25,3.152,2.5,16.67,201.58,4.42,32.75,0.0,3.134,1.82,2.93,297.06,8.5,23.5,12.5,3.131,2.5,8.08,281.65,4.19,32.75,0.0,3.142,1.82,4.35,-1
3.8800000000000026,325.2407286020818,7.2108321824404715,21.466608985440928,0.10156452489453752,3.1525812222725267,2.02,4.85,242.97,8.13,23.0,-6.25,3.142,2.5,16.67,200.25,4.43,33.0,6.25,3.142,1.82,2.93,296.14,8.51,23.0,-12.5,3.142,2.5,8.08,280.34,4.19,32.75,0.0,3.149,1.82,4.35,-1
3.9200000000000026,324.38211608342004,7.201396880037596,21.479187252144715,0.3144566675947076,3.1525812222725267,2.02,4.85,242.06,8.13,22.75,-6.25,3.152,2.5,16.67,198.96,4.43,32.5,-12.5,3.142,1.82,2.93,295.21,8.51,23.25,6.25,3.131,2.5,8.08,279.04,4.18,32.5,-6.25,3.134,1.82,4.35,-1
3.9600000000000026,323.523000464466,7.191956049060079,21.491704668580777,0.3129354109015745,3.1525812222725267,2.02,4.85,241.15,8.12,23.0,6.25,3.142,2.5,16.67,197.63,4.43,33.0,12.5,3.142,1.82,2.93,294.28,8.52,23.25,0.0,3.142,2.5,8.08,277.73,4.19,32.75,6.25,3.142,1.82,4.35,-1
4.000000000000003,322.66338417908344,7.182509716253677,21.50416033499427,0.31139166033732923,3.1525812222725267,2.02,4.85,240.24,8.12,22.75,-6.25,3.142,2.5,16.67,196.34,4.43,32.5,-12.5,3.142,1.82,2.93,293.35,8.52,23.25,0.0,3.131,2.5,8.08,276.43,4.19,32.5,-6.25,3.142,1.82,4.35,-1
4.040000000000003,321.8032696971241,7.17305790875962,21.516553413627538,0.3098269658316884,3.1525812222725267,2.02,4.85,239.34,8.12,22.5,-6.25,3.153,2.5,16.67,195.03,4.43,32.75,6.25,3.142,1.82,2.93,292.42,8.53,23.25,0.0,3.142,2.5,8.08,275.12,4.19,32.75,6.25,3.142,1.82,4.35,-1
4.080000000000003,320.94265952194814,7.1636006540873565,21.528883125830884,0.30824280508368385,3.1525812222725267,2.02,4.85,238.43,8.11,22.75,6.25,3.152,2.5,16.67,193.72,4.43,32.75,0.0,3.142,1.82,2.93,291.49,8.53,23.25,0.0,3.131,2.5,8.08,273.81,4.19,32.5,-6.25,3.142,1.82,4.35,-1
4.120000000000003,320.08155618805966,7.154137980088582,21.54114874931477,0.3066405870972298,3.1525812222725267,2.02,4.85,237.5,8.1,23.0,6.25,3.142,2.5,16.67,192.4,4.43,33.0,6.25,3.142,1.82,2.93,290.56,8.54,23.25,0.0,3.142,2.5,8.08,272.5,4.19,32.75,6.25,3.142,1.82,4.35,-1
4.160000000000003,319.21996225885266,7.144669914932462,21.553349615535005,0.3050216555058309,3.1525812222725267,2.02,4.85,236.59,8.1,23.0,0.0,3.152,2.5,16.67,191.09,4.43,32.5,-12.5,3.134,1.82,2.93,289.63,8.54,23.25,0.0,3.131,2.5,8.08,271.19,4.19,32.75,0.0,3.142,1.82,4.35,-1
4.200000000000003,318.3578803244613,7.135196487082007,21.573170855023807,0.49553098722007344,3.1525812222725267,2.02,4.85,235.67,8.09,23.0,0.0,3.142,2.5,16.67,189.78,4.44,33.0,12.5,3.142,1.82,2.93,288.69,8.55,23.5,6.25,3.142,2.5,8.08,269.88,4.19,32.75,0.0,3.142,1.82,4.35,-1
4.240000000000003,317.4950055883577,7.125714347124824,21.585001310690064,0.295761391656441,3.1525812222725267,2.02,4.85,234.75,8.09,23.0,0.0,3.152,2.5,16.67,188.47,4.44,32.75,-6.25,3.142,1.82,2.93,287.76,8.55,23.25,-6.25,3.131,2.5,8.08,268.59,4.19,32.5,-6.25,3.142,1.82,4.35,-1
4.280000000000003,316.6316576625973,7.116227007281304,21.596773070486094,0.29429399490075064,3.1525812222725267,2.02,4.85,233.81,8.08,23.25,6.25,3.142,2.5,16.67,187.16,4.44,32.75,0.0,3.142,1.82,2.93,286.83,8.56,23.25,0.0,3.142,2.5,8.08,267.3,4.19,32.25,-6.25,3.142,1.82,4.35,-1
4.320000000000003,315.7678388948733,7.106734493350271,21.600385794967913,0.09031811204547101,3.1525812222725267,2.02,4.85,232.9,8.08,23.0,-6.25,3.142,2.5,16.67,185.85,4.44,32.5,-6.25,3.142,1.82,2.93,285.91,8.56,23.0,-6.25,3.131,2.5,8.08,265.99,4.19,32.75,12.5,3.142,1.82,4.35,-1
4.360000000000003,314.9038756268946,7.097240391504352,21.604222378225096,0.09591458142957554,3.1525812222725267,2.02,4.85,231.97,8.08,23.25,6.25,3.152,2.5,16.67,184.53,4.44,33.0,12.5,3.142,1.82,2.93,284.99,8.57,23.0,0.0,3.142,2.5,8.08,264.69,4.19,32.5,-6.25,3.149,1.82,4.35,-1
4.400000000000003,314.03975890485077,7.087744603350024,21.62391057276305,0.49220486344891773,3.1525812222725267,2.02,4.85,231.05,8.07,23.0,-6.25,3.142,2.5,16.67,183.22,4.44,32.75,-6.25,3.142,1.82,2.93,284.05,8.57,23.5,12.5,3.131,2.5,8.08,263.38,4.18,32.75,6.25,3.142,1.82,4.35,-1
4.440000000000003,313.1748547025714,7.078240161566734,21.635688908980796,0.2944584054436059,3.1525812222725267,2.02,4.85,230.15,8.07,22.5,-12.5,3.153,2.5,16.67,181.91,4.44,32.75,0.0,3.142,1.82,2.93,283.12,8.58,23.25,-6.25,3.142,2.5,8.08,262.06,4.18,32.75,0.0,3.142,1.82,4.35,-1
4.480000000000003,312.3094793952874,7.068730542805372,21.63937500713778,0.0921524539245444,3.1525812222725267,2.02,4.85,229.25,8.06,22.5,0.0,3.142,2.5,16.67,180.62,4.44,32.5,-6.25,3.142,1.82,2.93,282.2,8.58,23.0,-6.25,3.131,2.5,8.08,260.76,4.18,32.5,-6.25,3.142,1.82,4.35,-1
4.520000000000003,311.44395665297884,7.059219303878904,21.658820746535497,0.48614348494291854,3.1525812222725267,2.02,4.85,228.33,8.06,23.0,12.5,3.142,2.5,16.67,179.31,4.44,32.75,6.25,3.134,1.82,2.93,281.26,8.59,23.5,12.5,3.142,2.5,8.08,259.45,4.18,32.75,6.25,3.142,1.82,4.35,-1
4.560000000000003,310.5776561280548,7.049699517890728,21.66240700659359,0.08965650145232115,3.1525812222725267,2.02,4.85,227.41,8.06,23.0,0.0,3.152,2.5,16.67,178.0,4.45,32.5,-6.25,3.142,1.82,2.93,280.34,8.59,23.0,-12.5,3.131,2.5,8.08,258.15,4.18,32.5,-6.25,3.142,1.82,4.35,-1
4.600000000000003,309.7112121613891,7.040178155619676,21.681693603794436,0.4821649300211864,3.1525812222725267,2.02,4.85,226.47,8.05,23.25,6.25,3.142,2.5,16.67,176.69,4.45,32.75,6.25,3.142,1.82,2.93,279.4,8.6,23.5,12.5,3.142,2.5,8.08,256.83,4.18,33.0,12.5,3.142,1.82,4.35,-1
4.640000000000003,308.84399677741146,7.0306483162353075,21.693139551953603,0.2861487039791433,3.1525812222725267,2.02,4.85,225.55,8.05,23.25,0.0,3.142,2.5,16.67,175.38,4.45,32.75,0.0,3.142,1.82,2.93,278.47,8.6,23.25,-6.25,3.131,2.5,8.08,255.54,4.18,32.5,-12.5,3.149,1.82,4.35,-1
4.680000000000003,307.9763235831489,7.021113445968686,21.712033159403127,0.47234018623806523,3.1525812222725267,2.02,4.85,224.62,8.05,23.25,0.0,3.142,2.5,16.67,174.09,4.45,32.5,-6.25,3.142,1.82,2.93,277.53,8.61,23.5,6.25,3.131,2.5,8.08,254.24,4.17,32.5,0.0,3.142,1.82,4.35,-1
4.720000000000003,307.1078946902154,7.011570271321065,21.715161310909046,0.07820378764797653,3.1525812222725267,2.02,4.85,223.7,8.05,23.0,-6.25,3.142,2.5,16.67,172.78,4.45,32.75,6.25,3.142,1.82,2.93,276.61,8.62,23.0,-12.5,3.142,2.5,8.08,252.94,4.17,32.5,0.0,3.142,1.82,4.35,-1
4.760000000000003,306.239340678776,7.002025721744808,21.726415879269243,0.2813642090049607,3.1525812222725267,2.02,4.85,222.78,8.05,23.0,0.0,3.142,2.5,16.67,171.47,4.45,32.75,0.0,3.134,1.82,2.93,275.68,8.62,23.25,6.25,3.131,2.5,8.08,251.64,4.17,32.5,0.0,3.142,1.82,4.35,-1
4.800000000000003,305.3703365117814,6.992476225404208,21.729692521795272,0.08191606315072968,3.1525812222725267,2.02,4.85,221.86,8.05,23.0,0.0,3.142,2.5,16.67,170.16,4.46,32.5,-6.25,3.142,1.82,2.93,274.76,8.63,23.0,-6.25,3.142,2.5,8.08,250.33,4.17,32.75,6.25,3.142,1.82,4.35,-1
4.840000000000003,304.50120128699865,6.982925288868135,21.741045187757322,0.2838166490512708,3.1525812222725267,2.02,4.85,220.94,8.05,23.0,0.0,3.142,2.5,16.67,168.87,4.46,32.5,0.0,3.142,1.82,2.93,273.83,8.63,23.25,6.25,3.131,2.5,8.08,249.03,4.17,32.5,-6.25,3.149,1.82,4.35,-1
4.8800000000000034,303.63161198299355,6.973369362450496,21.752317919931954,0.28181830436583283,3.1525812222725267,2.02,4.85,220.0,8.05,23.25,6.25,3.142,2.5,16.67,167.56,4.46,32.5,0.0,3.142,1.82,2.93,272.9,8.64,23.25,0.0,3.142,2.5,8.08,247.73,4.16,32.5,0.0,3.142,1.82,4.35,-1
4.9200000000000035,302.76157179692456,6.963808481284903,21.77094746422344,0.4657386072871424,3.1525812222725267,2.02,4.85,219.09,8.05,23.0,-6.25,3.142,2.5,16.67,166.25,4.46,32.75,6.25,3.134,1.82,2.93,271.96,8.64,23.5,6.25,3.131,2.5,8.08,246.43,4.16,32.5,0.0,3.142,1.82,4.35,-1
4.9600000000000035,301.89078647407325,6.95423941180302,21.781836966634422,0.27223756027458385,3.1525812222725267,2.02,4.85,218.16,8.05,23.25,6.25,3.142,2.5,16.67,164.94,4.47,33.0,6.25,3.142,1.82,2.93,271.03,8.65,23.25,-6.25,3.142,2.5,8.08,245.14,4.16,32.25,-6.25,3.142,1.82,4.35,-1
5.0000000000000036,301.01956559742314,6.944665556015656,21.784813256001872,0.07440723418620272,3.1525812222725267,2.02,4.85,217.24,8.05,23.0,-6.25,3.142,2.5,16.67,163.62,4.47,32.75,-6.25,3.142,1.82,2.93,270.11,8.65,23.0,-6.25,3.142,2.5,8.08,243.83,4.16,32.75,12.5,3.142,1.82,4.35,1
